config_name,stage,f_i,f1,f2,f3,f4,f5,bottlenecks_per_stage,decoder_type,ops_flags,quant_bits,params,flops,bops,dice,dice_binary,dice_LAD,dice_RCA,dice_LCX,dice_LM,cldice,cldice_LAD,cldice_RCA,cldice_LCX,cldice_LM,n_components,epochs,converged_flag,seed,mem_elements
nnUNetTrainerENet_8_2_relu_prune_stage3_0,experiment_8_2_relu_prune_stage3_0,4.0,16.0,32.0,32.0,16.0,4.0,"4,11,11,2,1",upsample_conv,"dilated=1,asymmetric=0,strided=1,dsc=0,context_pattern=dense_dilation_reg_interleaved,prelu=0,prelu_variant=standard,leaky_slope=None,leaky_slope_map=None,shallow_dilation=0,separable_dilated=0,merge_dilated_pairs=0,dsc_dilated_only=0,double_projections=0,two_block_skip=0,dsc_no_projection=1,shallow_dilation_wide=0,shallow_dilation_dense=0,dsc_no_projection_context_only=0,reg_bookend_dsc=0,pruned_blocks=stage3.0",32.0,35180.0,558497792.0,,0.8061981960559338,0.7252650784828251,0.6847043850237063,0.9202326556478384,0.8234964262021143,0.7963593173500763,0.8166179686191856,0.7006007868424254,0.9243091227178952,0.8297822638129829,0.8117797011034384,6.89,150.0,,0.0,532992.0
nnUNetTrainerENet_8_2_relu_prune_stage3_0to5,experiment_8_2_relu_prune_stage3_0to5,4.0,16.0,32.0,32.0,16.0,4.0,"4,11,11,2,1",upsample_conv,"dilated=1,asymmetric=0,strided=1,dsc=0,context_pattern=dense_dilation_reg_interleaved,prelu=0,prelu_variant=standard,leaky_slope=None,leaky_slope_map=None,shallow_dilation=0,separable_dilated=0,merge_dilated_pairs=0,dsc_dilated_only=0,double_projections=0,two_block_skip=0,dsc_no_projection=1,shallow_dilation_wide=0,shallow_dilation_dense=0,dsc_no_projection_context_only=0,reg_bookend_dsc=0,pruned_blocks=stage3.0,stage3.1,stage3.2,stage3.3,stage3.4,stage3.5",32.0,28236.0,482476032.0,,0.5863889812407499,0.5152599084561642,0.5406290005453219,0.5446672204852799,0.6417238335474007,0.618535870384997,0.5985385114586359,0.5570128032726896,0.5504619287457084,0.6495663166592256,0.6371129971569199,7.113333333333333,150.0,,0.0,409088.0
nnUNetTrainerENet_8_2_relu_prune_stage2_0,experiment_stage2_0,4.0,16.0,32.0,32.0,16.0,4.0,"4,11,11,2,1",upsample_conv,"dilated=1,asymmetric=0,strided=1,dsc=0,context_pattern=dense_dilation_reg_interleaved,prelu=0,prelu_variant=standard,leaky_slope=None,leaky_slope_map=None,shallow_dilation=0,separable_dilated=0,merge_dilated_pairs=0,dsc_dilated_only=0,double_projections=0,two_block_skip=0,dsc_no_projection=1,shallow_dilation_wide=0,shallow_dilation_dense=0,dsc_no_projection_context_only=0,reg_bookend_dsc=0,pruned_blocks=stage2.0",32.0,35180.0,558497792.0,,0.7635789240376187,0.6829125200086371,0.6547421733650705,0.8907475362130919,0.7818974121158239,0.7269285744564886,0.7739050333978312,0.6702502319211476,0.8952021775323917,0.7881681467286037,0.7419995774091817,6.183333333333334,150.0,,0.0,532992.0
nnUNetTrainerENet_8_2_relu_prune_stage2_5,experiment_stage2_5,4.0,16.0,32.0,32.0,16.0,4.0,"4,11,11,2,1",upsample_conv,"dilated=1,asymmetric=0,strided=1,dsc=0,context_pattern=dense_dilation_reg_interleaved,prelu=0,prelu_variant=standard,leaky_slope=None,leaky_slope_map=None,shallow_dilation=0,separable_dilated=0,merge_dilated_pairs=0,dsc_dilated_only=0,double_projections=0,two_block_skip=0,dsc_no_projection=1,shallow_dilation_wide=0,shallow_dilation_dense=0,dsc_no_projection_context_only=0,reg_bookend_dsc=0,pruned_blocks=stage2.5",32.0,35180.0,558497792.0,,0.777351105967075,0.6802413111135476,0.6605608281552274,0.9005680605368739,0.8087885610491321,0.7394869741270663,0.7881325054219168,0.6762019831642883,0.9063602444026824,0.8166998587631604,0.7532679353575361,6.733333333333333,150.0,,0.0,532992.0
nnUNetTrainerENet_8_2_relu_prune_stage2_10,experiment_stage2_10,4.0,16.0,32.0,32.0,16.0,4.0,"4,11,11,2,1",upsample_conv,"dilated=1,asymmetric=0,strided=1,dsc=0,context_pattern=dense_dilation_reg_interleaved,prelu=0,prelu_variant=standard,leaky_slope=None,leaky_slope_map=None,shallow_dilation=0,separable_dilated=0,merge_dilated_pairs=0,dsc_dilated_only=0,double_projections=0,two_block_skip=0,dsc_no_projection=1,shallow_dilation_wide=0,shallow_dilation_dense=0,dsc_no_projection_context_only=0,reg_bookend_dsc=0,pruned_blocks=stage2.10",32.0,35180.0,558497792.0,,0.7980865590471671,0.7197350595424081,0.6745898518849082,0.9195479615140014,0.7986749559401493,0.7995334668496092,0.8080623160773426,0.6914577156236722,0.9245408091456973,0.8047337607999085,0.8115169787400928,6.723333333333334,150.0,,0.0,532992.0
nnUNetTrainerENet_8_2_relu_prune_stage3_5,experiment_stage3_5,4.0,16.0,32.0,32.0,16.0,4.0,"4,11,11,2,1",upsample_conv,"dilated=1,asymmetric=0,strided=1,dsc=0,context_pattern=dense_dilation_reg_interleaved,prelu=0,prelu_variant=standard,leaky_slope=None,leaky_slope_map=None,shallow_dilation=0,separable_dilated=0,merge_dilated_pairs=0,dsc_dilated_only=0,double_projections=0,two_block_skip=0,dsc_no_projection=1,shallow_dilation_wide=0,shallow_dilation_dense=0,dsc_no_projection_context_only=0,reg_bookend_dsc=0,pruned_blocks=stage3.5",32.0,35180.0,558497792.0,,0.808452184020749,0.7334579283517972,0.6991932847358368,0.907769207453451,0.8280939339898439,0.7987523099038647,0.817735365224951,0.7138926973695834,0.9109929065752927,0.8338897380355966,0.8121661189193314,6.43,150.0,,0.0,532992.0
nnUNetTrainerENet_8_2_relu_prune_stage3_10,experiment_stage3_10,4.0,16.0,32.0,32.0,16.0,4.0,"4,11,11,2,1",upsample_conv,"dilated=1,asymmetric=0,strided=1,dsc=0,context_pattern=dense_dilation_reg_interleaved,prelu=0,prelu_variant=standard,leaky_slope=None,leaky_slope_map=None,shallow_dilation=0,separable_dilated=0,merge_dilated_pairs=0,dsc_dilated_only=0,double_projections=0,two_block_skip=0,dsc_no_projection=1,shallow_dilation_wide=0,shallow_dilation_dense=0,dsc_no_projection_context_only=0,reg_bookend_dsc=0,pruned_blocks=stage3.10",32.0,35180.0,558497792.0,,0.7449852508306134,0.7215330894206833,0.6687645888712362,0.892988863950441,0.8149607433998264,0.6032268071009501,0.7532643206580154,0.6744233302637025,0.893576094221387,0.8197008699312233,0.6253569882157486,8.083333333333334,150.0,,0.0,532992.0
nnUNetTrainerENet_8_2_relu_prune_stage2_1,experiment_stage2_1,4.0,16.0,32.0,32.0,16.0,4.0,"4,11,11,2,1",upsample_conv,"dilated=1,asymmetric=0,strided=1,dsc=0,context_pattern=dense_dilation_reg_interleaved,prelu=0,prelu_variant=standard,leaky_slope=None,leaky_slope_map=None,shallow_dilation=0,separable_dilated=0,merge_dilated_pairs=0,dsc_dilated_only=0,double_projections=0,two_block_skip=0,dsc_no_projection=1,shallow_dilation_wide=0,shallow_dilation_dense=0,dsc_no_projection_context_only=0,reg_bookend_dsc=0,pruned_blocks=stage2.1",32.0,34924.0,570294272.0,,0.7803263672730205,0.7204481592615756,0.6667067358072888,0.9009560515694304,0.792272695468417,0.7613699862469454,0.7898841186708956,0.6829250442244456,0.9042620689261844,0.7968519567723272,0.7754974047606253,5.96,150.0,,0.0,525824.0
nnUNetTrainerENet_8_2_relu_prune_stage2_2,experiment_stage2_2,4.0,16.0,32.0,32.0,16.0,4.0,"4,11,11,2,1",upsample_conv,"dilated=1,asymmetric=0,strided=1,dsc=0,context_pattern=dense_dilation_reg_interleaved,prelu=0,prelu_variant=standard,leaky_slope=None,leaky_slope_map=None,shallow_dilation=0,separable_dilated=0,merge_dilated_pairs=0,dsc_dilated_only=0,double_projections=0,two_block_skip=0,dsc_no_projection=1,shallow_dilation_wide=0,shallow_dilation_dense=0,dsc_no_projection_context_only=0,reg_bookend_dsc=0,pruned_blocks=stage2.2",32.0,34924.0,570294272.0,,0.7916826357267686,0.7270566566882618,0.6840148484968794,0.9088438983424764,0.7998735992454828,0.7739981968222354,0.8001758282198052,0.698478701184156,0.9124519566379516,0.8044717272718752,0.785300927785238,6.05,150.0,,0.0,517632.0
nnUNetTrainerENet_8_2_relu_prune_stage2_3,experiment_stage2_3,4.0,16.0,32.0,32.0,16.0,4.0,"4,11,11,2,1",upsample_conv,"dilated=1,asymmetric=0,strided=1,dsc=0,context_pattern=dense_dilation_reg_interleaved,prelu=0,prelu_variant=standard,leaky_slope=None,leaky_slope_map=None,shallow_dilation=0,separable_dilated=0,merge_dilated_pairs=0,dsc_dilated_only=0,double_projections=0,two_block_skip=0,dsc_no_projection=1,shallow_dilation_wide=0,shallow_dilation_dense=0,dsc_no_projection_context_only=0,reg_bookend_dsc=0,pruned_blocks=stage2.3",32.0,34924.0,570294272.0,,0.7911082610419012,0.7246337195931067,0.6831026507943496,0.8814838128759092,0.8066848214105675,0.7931617590867784,0.7987024116612131,0.6961367456685065,0.8843490395938796,0.8108916380027004,0.8034322233797662,5.463333333333333,150.0,,0.0,501248.0
nnUNetTrainerENet_8_2_relu_prune_stage2_4,experiment_stage2_4,4.0,16.0,32.0,32.0,16.0,4.0,"4,11,11,2,1",upsample_conv,"dilated=1,asymmetric=0,strided=1,dsc=0,context_pattern=dense_dilation_reg_interleaved,prelu=0,prelu_variant=standard,leaky_slope=None,leaky_slope_map=None,shallow_dilation=0,separable_dilated=0,merge_dilated_pairs=0,dsc_dilated_only=0,double_projections=0,two_block_skip=0,dsc_no_projection=1,shallow_dilation_wide=0,shallow_dilation_dense=0,dsc_no_projection_context_only=0,reg_bookend_dsc=0,pruned_blocks=stage2.4",32.0,34924.0,570294272.0,,0.7385625009681532,0.7009847522679857,0.6484621088468118,0.8158471560198347,0.7320769831226829,0.7578637558832836,0.7450396195523837,0.6576506623068012,0.8182083093728647,0.7351044145443488,0.76919509198552,5.753333333333333,150.0,,0.0,468480.0
nnUNetTrainerENet_8_2_relu_prune_stage2_6,experiment_stage2_6,4.0,16.0,32.0,32.0,16.0,4.0,"4,11,11,2,1",upsample_conv,"dilated=1,asymmetric=0,strided=1,dsc=0,context_pattern=dense_dilation_reg_interleaved,prelu=0,prelu_variant=standard,leaky_slope=None,leaky_slope_map=None,shallow_dilation=0,separable_dilated=0,merge_dilated_pairs=0,dsc_dilated_only=0,double_projections=0,two_block_skip=0,dsc_no_projection=1,shallow_dilation_wide=0,shallow_dilation_dense=0,dsc_no_projection_context_only=0,reg_bookend_dsc=0,pruned_blocks=stage2.6",32.0,34924.0,570294272.0,,0.796420261273814,0.7244830361735728,0.6905051287575851,0.8978933753855546,0.8179284000244289,0.7793541409276878,0.8046760479211982,0.705346483106177,0.9014118993407112,0.823091674815165,0.7888541344227398,6.1433333333333335,150.0,,0.0,525824.0
nnUNetTrainerENet_8_2_relu_prune_stage2_7,experiment_stage2_7,4.0,16.0,32.0,32.0,16.0,4.0,"4,11,11,2,1",upsample_conv,"dilated=1,asymmetric=0,strided=1,dsc=0,context_pattern=dense_dilation_reg_interleaved,prelu=0,prelu_variant=standard,leaky_slope=None,leaky_slope_map=None,shallow_dilation=0,separable_dilated=0,merge_dilated_pairs=0,dsc_dilated_only=0,double_projections=0,two_block_skip=0,dsc_no_projection=1,shallow_dilation_wide=0,shallow_dilation_dense=0,dsc_no_projection_context_only=0,reg_bookend_dsc=0,pruned_blocks=stage2.7",32.0,34924.0,570294272.0,,0.8037959240194139,0.7294257541951122,0.6914213887507553,0.9011547114835112,0.8227020382358085,0.7999055576075808,0.8122283433177351,0.7067610627494273,0.9049004785897664,0.8291060572697689,0.8081457746619777,5.876666666666667,150.0,,0.0,517632.0
nnUNetTrainerENet_8_2_relu_prune_stage2_8,experiment_stage2_8,4.0,16.0,32.0,32.0,16.0,4.0,"4,11,11,2,1",upsample_conv,"dilated=1,asymmetric=0,strided=1,dsc=0,context_pattern=dense_dilation_reg_interleaved,prelu=0,prelu_variant=standard,leaky_slope=None,leaky_slope_map=None,shallow_dilation=0,separable_dilated=0,merge_dilated_pairs=0,dsc_dilated_only=0,double_projections=0,two_block_skip=0,dsc_no_projection=1,shallow_dilation_wide=0,shallow_dilation_dense=0,dsc_no_projection_context_only=0,reg_bookend_dsc=0,pruned_blocks=stage2.8",32.0,34924.0,570294272.0,,0.7968260815998325,0.7251643597461149,0.6940929189307349,0.8948482077929072,0.8048531274082481,0.7935100722674401,0.804009137213072,0.704626040239452,0.897445118650521,0.8086907582688737,0.8052746316934412,5.3966666666666665,150.0,,0.0,501248.0
nnUNetTrainerENet_8_2_relu_prune_stage2_9,experiment_stage2_9,4.0,16.0,32.0,32.0,16.0,4.0,"4,11,11,2,1",upsample_conv,"dilated=1,asymmetric=0,strided=1,dsc=0,context_pattern=dense_dilation_reg_interleaved,prelu=0,prelu_variant=standard,leaky_slope=None,leaky_slope_map=None,shallow_dilation=0,separable_dilated=0,merge_dilated_pairs=0,dsc_dilated_only=0,double_projections=0,two_block_skip=0,dsc_no_projection=1,shallow_dilation_wide=0,shallow_dilation_dense=0,dsc_no_projection_context_only=0,reg_bookend_dsc=0,pruned_blocks=stage2.9",32.0,34924.0,570294272.0,,0.771257927840556,0.7266589440193252,0.6636360819898389,0.9114454767284628,0.7145471449002235,0.7954030077436987,0.7794573834552208,0.6768910917361828,0.9149308081611792,0.7205522308865718,0.8054554030369495,6.033333333333333,150.0,,0.0,468480.0
nnUNetTrainerENet_8_2_relu_prune_stage3_1,experiment_stage3_1,4.0,16.0,32.0,32.0,16.0,4.0,"4,11,11,2,1",upsample_conv,"dilated=1,asymmetric=0,strided=1,dsc=0,context_pattern=dense_dilation_reg_interleaved,prelu=0,prelu_variant=standard,leaky_slope=None,leaky_slope_map=None,shallow_dilation=0,separable_dilated=0,merge_dilated_pairs=0,dsc_dilated_only=0,double_projections=0,two_block_skip=0,dsc_no_projection=1,shallow_dilation_wide=0,shallow_dilation_dense=0,dsc_no_projection_context_only=0,reg_bookend_dsc=0,pruned_blocks=stage3.1",32.0,34924.0,570294272.0,,0.7945702791009498,0.7273233079361963,0.6796210854521739,0.8897593183963528,0.8108280286098417,0.798072683945431,0.8029733081652177,0.696112415026869,0.8919546683951411,0.8150346863982614,0.8087914628405989,6.27,150.0,,0.0,525824.0
nnUNetTrainerENet_8_2_relu_prune_stage3_2,experiment_stage3_2,4.0,16.0,32.0,32.0,16.0,4.0,"4,11,11,2,1",upsample_conv,"dilated=1,asymmetric=0,strided=1,dsc=0,context_pattern=dense_dilation_reg_interleaved,prelu=0,prelu_variant=standard,leaky_slope=None,leaky_slope_map=None,shallow_dilation=0,separable_dilated=0,merge_dilated_pairs=0,dsc_dilated_only=0,double_projections=0,two_block_skip=0,dsc_no_projection=1,shallow_dilation_wide=0,shallow_dilation_dense=0,dsc_no_projection_context_only=0,reg_bookend_dsc=0,pruned_blocks=stage3.2",32.0,34924.0,570294272.0,,0.798325485058346,0.7287051285394827,0.6765071062790637,0.8964319023899308,0.8323198910250265,0.7880430405393631,0.8076848042682814,0.6943029059954937,0.8994962856527907,0.838889389862855,0.7980506355619861,5.793333333333333,150.0,,0.0,517632.0
nnUNetTrainerENet_8_2_relu_prune_stage3_3,experiment_stage3_3,4.0,16.0,32.0,32.0,16.0,4.0,"4,11,11,2,1",upsample_conv,"dilated=1,asymmetric=0,strided=1,dsc=0,context_pattern=dense_dilation_reg_interleaved,prelu=0,prelu_variant=standard,leaky_slope=None,leaky_slope_map=None,shallow_dilation=0,separable_dilated=0,merge_dilated_pairs=0,dsc_dilated_only=0,double_projections=0,two_block_skip=0,dsc_no_projection=1,shallow_dilation_wide=0,shallow_dilation_dense=0,dsc_no_projection_context_only=0,reg_bookend_dsc=0,pruned_blocks=stage3.3",32.0,34924.0,570294272.0,,0.8054016186867395,0.7294148992985953,0.690120395824251,0.9209878609785858,0.8142795552895535,0.7962186626545679,0.8144125116708483,0.7062020489217288,0.9249307854301918,0.8196140273679751,0.8069031849634978,6.08,150.0,,0.0,501248.0
nnUNetTrainerENet_8_2_relu_prune_stage3_4,experiment_stage3_4,4.0,16.0,32.0,32.0,16.0,4.0,"4,11,11,2,1",upsample_conv,"dilated=1,asymmetric=0,strided=1,dsc=0,context_pattern=dense_dilation_reg_interleaved,prelu=0,prelu_variant=standard,leaky_slope=None,leaky_slope_map=None,shallow_dilation=0,separable_dilated=0,merge_dilated_pairs=0,dsc_dilated_only=0,double_projections=0,two_block_skip=0,dsc_no_projection=1,shallow_dilation_wide=0,shallow_dilation_dense=0,dsc_no_projection_context_only=0,reg_bookend_dsc=0,pruned_blocks=stage3.4",32.0,34924.0,570294272.0,,0.7572667108824175,0.7207865663132625,0.6147260673665891,0.8800392280920174,0.7623732899959385,0.7719282580751249,0.7670095626320677,0.6301325898397274,0.8848959356289462,0.768787339687782,0.7842223853718151,5.976666666666667,150.0,,0.0,468480.0
nnUNetTrainerENet_8_2_relu_prune_stage3_6,experiment_stage3_6,4.0,16.0,32.0,32.0,16.0,4.0,"4,11,11,2,1",upsample_conv,"dilated=1,asymmetric=0,strided=1,dsc=0,context_pattern=dense_dilation_reg_interleaved,prelu=0,prelu_variant=standard,leaky_slope=None,leaky_slope_map=None,shallow_dilation=0,separable_dilated=0,merge_dilated_pairs=0,dsc_dilated_only=0,double_projections=0,two_block_skip=0,dsc_no_projection=1,shallow_dilation_wide=0,shallow_dilation_dense=0,dsc_no_projection_context_only=0,reg_bookend_dsc=0,pruned_blocks=stage3.6",32.0,34924.0,570294272.0,,0.8126042328757728,0.7350967026464301,0.703638152839908,0.918464953375112,0.8287695638120972,0.799544261475974,0.8226439177149344,0.719801621652453,0.9218179995467708,0.8350261113257867,0.8139299383347272,6.886666666666667,150.0,,0.0,525824.0
nnUNetTrainerENet_8_2_relu_prune_stage3_7,experiment_stage3_7,4.0,16.0,32.0,32.0,16.0,4.0,"4,11,11,2,1",upsample_conv,"dilated=1,asymmetric=0,strided=1,dsc=0,context_pattern=dense_dilation_reg_interleaved,prelu=0,prelu_variant=standard,leaky_slope=None,leaky_slope_map=None,shallow_dilation=0,separable_dilated=0,merge_dilated_pairs=0,dsc_dilated_only=0,double_projections=0,two_block_skip=0,dsc_no_projection=1,shallow_dilation_wide=0,shallow_dilation_dense=0,dsc_no_projection_context_only=0,reg_bookend_dsc=0,pruned_blocks=stage3.7",32.0,34924.0,570294272.0,,0.7975089399289829,0.7293558802133907,0.6947307030089767,0.8917524813724788,0.812616091254617,0.7909364840798591,0.8045971633582868,0.7072408714716348,0.8951308284473785,0.819026033524712,0.796990919989422,6.466666666666667,150.0,,0.0,517632.0
nnUNetTrainerENet_8_2_relu_prune_stage3_8,experiment_stage3_8,4.0,16.0,32.0,32.0,16.0,4.0,"4,11,11,2,1",upsample_conv,"dilated=1,asymmetric=0,strided=1,dsc=0,context_pattern=dense_dilation_reg_interleaved,prelu=0,prelu_variant=standard,leaky_slope=None,leaky_slope_map=None,shallow_dilation=0,separable_dilated=0,merge_dilated_pairs=0,dsc_dilated_only=0,double_projections=0,two_block_skip=0,dsc_no_projection=1,shallow_dilation_wide=0,shallow_dilation_dense=0,dsc_no_projection_context_only=0,reg_bookend_dsc=0,pruned_blocks=stage3.8",32.0,34924.0,570294272.0,,0.7997941461893981,0.7322736000205264,0.6905757900110171,0.8929107975285744,0.8097372931814552,0.805952704036546,0.8091512915082255,0.7038019058979085,0.8966298187354493,0.8174094050276501,0.818764036371894,5.866666666666666,150.0,,0.0,501248.0
nnUNetTrainerENet_8_2_relu_prune_stage3_9,experiment_stage3_9,4.0,16.0,32.0,32.0,16.0,4.0,"4,11,11,2,1",upsample_conv,"dilated=1,asymmetric=0,strided=1,dsc=0,context_pattern=dense_dilation_reg_interleaved,prelu=0,prelu_variant=standard,leaky_slope=None,leaky_slope_map=None,shallow_dilation=0,separable_dilated=0,merge_dilated_pairs=0,dsc_dilated_only=0,double_projections=0,two_block_skip=0,dsc_no_projection=1,shallow_dilation_wide=0,shallow_dilation_dense=0,dsc_no_projection_context_only=0,reg_bookend_dsc=0,pruned_blocks=stage3.9",32.0,34924.0,570294272.0,,0.7797124953549819,0.7334711934265855,0.6858786644844472,0.8333210045647146,0.8141265868554108,0.7855237255153549,0.7893120573294612,0.6993043108554529,0.8368096202584016,0.8205631012565255,0.8005711969474653,5.996666666666667,150.0,,0.0,468480.0
nnUNetTrainerENet_8_2_relu_prune_stage2_1_2_consec,experiment_stage2_1_2_consec,4.0,16.0,32.0,32.0,16.0,4.0,"4,11,11,2,1",upsample_conv,"dilated=1,asymmetric=0,strided=1,dsc=0,context_pattern=dense_dilation_reg_interleaved,prelu=0,prelu_variant=standard,leaky_slope=None,leaky_slope_map=None,shallow_dilation=0,separable_dilated=0,merge_dilated_pairs=0,dsc_dilated_only=0,double_projections=0,two_block_skip=0,dsc_no_projection=1,shallow_dilation_wide=0,shallow_dilation_dense=0,dsc_no_projection_context_only=0,reg_bookend_dsc=0,pruned_blocks=stage2.1,stage2.2",32.0,33484.0,557449216.0,,0.7106294017171837,0.6784820479321823,0.6064449942913471,0.8555957484370516,0.7211997054228101,0.6592771587175258,0.719762253052411,0.6205661369156219,0.8598759751100139,0.7241626101060653,0.674444290077943,6.126666666666667,150.0,,0.0,509440.0
nnUNetTrainerENet_8_2_relu_prune_stage2_2_3_consec,experiment_stage2_2_3_consec,4.0,16.0,32.0,32.0,16.0,4.0,"4,11,11,2,1",upsample_conv,"dilated=1,asymmetric=0,strided=1,dsc=0,context_pattern=dense_dilation_reg_interleaved,prelu=0,prelu_variant=standard,leaky_slope=None,leaky_slope_map=None,shallow_dilation=0,separable_dilated=0,merge_dilated_pairs=0,dsc_dilated_only=0,double_projections=0,two_block_skip=0,dsc_no_projection=1,shallow_dilation_wide=0,shallow_dilation_dense=0,dsc_no_projection_context_only=0,reg_bookend_dsc=0,pruned_blocks=stage2.2,stage2.3",32.0,33484.0,557449216.0,,0.7415590446228046,0.6796118323817578,0.6515634901583119,0.8308008737347137,0.7670379874952129,0.7168338271029804,0.7491247233091771,0.6657432286150723,0.8336701486243859,0.7677296507692292,0.7293558652280214,5.706666666666667,150.0,,0.0,484864.0
nnUNetTrainerENet_8_2_relu_prune_stage2_3_4_consec,experiment_stage2_3_4_consec,4.0,16.0,32.0,32.0,16.0,4.0,"4,11,11,2,1",upsample_conv,"dilated=1,asymmetric=0,strided=1,dsc=0,context_pattern=dense_dilation_reg_interleaved,prelu=0,prelu_variant=standard,leaky_slope=None,leaky_slope_map=None,shallow_dilation=0,separable_dilated=0,merge_dilated_pairs=0,dsc_dilated_only=0,double_projections=0,two_block_skip=0,dsc_no_projection=1,shallow_dilation_wide=0,shallow_dilation_dense=0,dsc_no_projection_context_only=0,reg_bookend_dsc=0,pruned_blocks=stage2.3,stage2.4",32.0,33484.0,557449216.0,,0.6828699204419798,0.6626588759403179,0.6193032993562696,0.7426246301648881,0.6821192302589808,0.6874325219877807,0.6888991648396323,0.6297660016789237,0.7446862315873022,0.6827721642340543,0.6983722618582486,5.703333333333333,150.0,,0.0,435712.0
nnUNetTrainerENet_8_2_relu_prune_stage2_1_3_skip,experiment_stage2_1_3_skip,4.0,16.0,32.0,32.0,16.0,4.0,"4,11,11,2,1",upsample_conv,"dilated=1,asymmetric=0,strided=1,dsc=0,context_pattern=dense_dilation_reg_interleaved,prelu=0,prelu_variant=standard,leaky_slope=None,leaky_slope_map=None,shallow_dilation=0,separable_dilated=0,merge_dilated_pairs=0,dsc_dilated_only=0,double_projections=0,two_block_skip=0,dsc_no_projection=1,shallow_dilation_wide=0,shallow_dilation_dense=0,dsc_no_projection_context_only=0,reg_bookend_dsc=0,pruned_blocks=stage2.1,stage2.3",32.0,33484.0,557449216.0,,0.7481302104737931,0.6896989811643858,0.6357932963894005,0.8695370251736798,0.7687711180985605,0.7184194022335316,0.7558507961714725,0.650275323234719,0.8731457629643586,0.7709461492443093,0.7290359492425033,5.74,150.0,,0.0,493056.0
nnUNetTrainerENet_8_2_relu_prune_stage2_2_4_skip,experiment_stage2_2_4_skip,4.0,16.0,32.0,32.0,16.0,4.0,"4,11,11,2,1",upsample_conv,"dilated=1,asymmetric=0,strided=1,dsc=0,context_pattern=dense_dilation_reg_interleaved,prelu=0,prelu_variant=standard,leaky_slope=None,leaky_slope_map=None,shallow_dilation=0,separable_dilated=0,merge_dilated_pairs=0,dsc_dilated_only=0,double_projections=0,two_block_skip=0,dsc_no_projection=1,shallow_dilation_wide=0,shallow_dilation_dense=0,dsc_no_projection_context_only=0,reg_bookend_dsc=0,pruned_blocks=stage2.2,stage2.4",32.0,33484.0,557449216.0,,0.7127115724050094,0.6687228106671617,0.6371937596918819,0.7940774396921518,0.724805966188853,0.6947691240471509,0.7210111930198652,0.6488688625231676,0.7971528857935988,0.7272252640598215,0.710797759702873,6.0633333333333335,150.0,,0.0,452096.0
nnUNetTrainerENet_8_2_relu_prune_stage2_6_7_consec,experiment_stage2_6_7_consec,4.0,16.0,32.0,32.0,16.0,4.0,"4,11,11,2,1",upsample_conv,"dilated=1,asymmetric=0,strided=1,dsc=0,context_pattern=dense_dilation_reg_interleaved,prelu=0,prelu_variant=standard,leaky_slope=None,leaky_slope_map=None,shallow_dilation=0,separable_dilated=0,merge_dilated_pairs=0,dsc_dilated_only=0,double_projections=0,two_block_skip=0,dsc_no_projection=1,shallow_dilation_wide=0,shallow_dilation_dense=0,dsc_no_projection_context_only=0,reg_bookend_dsc=0,pruned_blocks=stage2.6,stage2.7",32.0,33484.0,557449216.0,,0.7637193915799032,0.6977889820050329,0.6494957628694851,0.8700955287341532,0.7763289290178069,0.7589573456981673,0.7726852881547244,0.6639478437046009,0.8737859282023275,0.7793373882122745,0.7736699924996949,5.863333333333333,150.0,,0.0,509440.0
nnUNetTrainerENet_8_2_relu_prune_stage2_7_8_consec,experiment_stage2_7_8_consec,4.0,16.0,32.0,32.0,16.0,4.0,"4,11,11,2,1",upsample_conv,"dilated=1,asymmetric=0,strided=1,dsc=0,context_pattern=dense_dilation_reg_interleaved,prelu=0,prelu_variant=standard,leaky_slope=None,leaky_slope_map=None,shallow_dilation=0,separable_dilated=0,merge_dilated_pairs=0,dsc_dilated_only=0,double_projections=0,two_block_skip=0,dsc_no_projection=1,shallow_dilation_wide=0,shallow_dilation_dense=0,dsc_no_projection_context_only=0,reg_bookend_dsc=0,pruned_blocks=stage2.7,stage2.8",32.0,33484.0,557449216.0,,0.761120616695457,0.6999991418096861,0.6469685820250254,0.8637344733228137,0.763924590363626,0.7698548210703628,0.766965747811186,0.6568901184448456,0.8664894231825542,0.7658017789380934,0.778681670679251,5.32,150.0,,0.0,484864.0
nnUNetTrainerENet_8_2_relu_prune_stage2_8_9_consec,experiment_stage2_8_9_consec,4.0,16.0,32.0,32.0,16.0,4.0,"4,11,11,2,1",upsample_conv,"dilated=1,asymmetric=0,strided=1,dsc=0,context_pattern=dense_dilation_reg_interleaved,prelu=0,prelu_variant=standard,leaky_slope=None,leaky_slope_map=None,shallow_dilation=0,separable_dilated=0,merge_dilated_pairs=0,dsc_dilated_only=0,double_projections=0,two_block_skip=0,dsc_no_projection=1,shallow_dilation_wide=0,shallow_dilation_dense=0,dsc_no_projection_context_only=0,reg_bookend_dsc=0,pruned_blocks=stage2.8,stage2.9",32.0,33484.0,557449216.0,,0.7467268837342421,0.7098203436817486,0.6403429589954375,0.8802766567626007,0.700827692793018,0.7654602263859123,0.7525954539614634,0.6475263959293023,0.883093374649668,0.7032845805223144,0.7764774647445696,5.76,150.0,,0.0,435712.0
nnUNetTrainerENet_8_2_relu_prune_stage2_6_8_skip,experiment_stage2_6_8_skip,4.0,16.0,32.0,32.0,16.0,4.0,"4,11,11,2,1",upsample_conv,"dilated=1,asymmetric=0,strided=1,dsc=0,context_pattern=dense_dilation_reg_interleaved,prelu=0,prelu_variant=standard,leaky_slope=None,leaky_slope_map=None,shallow_dilation=0,separable_dilated=0,merge_dilated_pairs=0,dsc_dilated_only=0,double_projections=0,two_block_skip=0,dsc_no_projection=1,shallow_dilation_wide=0,shallow_dilation_dense=0,dsc_no_projection_context_only=0,reg_bookend_dsc=0,pruned_blocks=stage2.6,stage2.8",32.0,33484.0,557449216.0,,0.7649390357485422,0.7028918938097448,0.6628777464917828,0.8699352518746853,0.7658191236597749,0.7611240209679259,0.7711087958743752,0.6751781474413543,0.8731584320972727,0.7662743848024942,0.7698242191563798,5.8566666666666665,150.0,,0.0,493056.0
nnUNetTrainerENet_8_2_relu_prune_stage2_7_9_skip,experiment_stage2_7_9_skip,4.0,16.0,32.0,32.0,16.0,4.0,"4,11,11,2,1",upsample_conv,"dilated=1,asymmetric=0,strided=1,dsc=0,context_pattern=dense_dilation_reg_interleaved,prelu=0,prelu_variant=standard,leaky_slope=None,leaky_slope_map=None,shallow_dilation=0,separable_dilated=0,merge_dilated_pairs=0,dsc_dilated_only=0,double_projections=0,two_block_skip=0,dsc_no_projection=1,shallow_dilation_wide=0,shallow_dilation_dense=0,dsc_no_projection_context_only=0,reg_bookend_dsc=0,pruned_blocks=stage2.7,stage2.9",32.0,33484.0,557449216.0,,0.7634463653305816,0.7150682871107888,0.6426162250301479,0.9032326197465662,0.7282485329666165,0.7796880835789961,0.7725243620322594,0.6571132268771691,0.9075279384506264,0.7327745991957125,0.7926816836055295,6.116666666666666,150.0,,0.0,452096.0
nnUNetTrainerENet_8_2_relu_prune_stage3_1_2_consec,experiment_stage3_1_2_consec,4.0,16.0,32.0,32.0,16.0,4.0,"4,11,11,2,1",upsample_conv,"dilated=1,asymmetric=0,strided=1,dsc=0,context_pattern=dense_dilation_reg_interleaved,prelu=0,prelu_variant=standard,leaky_slope=None,leaky_slope_map=None,shallow_dilation=0,separable_dilated=0,merge_dilated_pairs=0,dsc_dilated_only=0,double_projections=0,two_block_skip=0,dsc_no_projection=1,shallow_dilation_wide=0,shallow_dilation_dense=0,dsc_no_projection_context_only=0,reg_bookend_dsc=0,pruned_blocks=stage3.1,stage3.2",32.0,33484.0,557449216.0,,0.7491038894789032,0.6968591283724592,0.6273568440342654,0.811253727954867,0.7990667011096786,0.7587382848168017,0.7585464391085383,0.6431592113193515,0.8131289694448335,0.8029726999080645,0.7749248757619035,6.76,150.0,,0.0,509440.0
nnUNetTrainerENet_8_2_relu_prune_stage3_2_3_consec,experiment_stage3_2_3_consec,4.0,16.0,32.0,32.0,16.0,4.0,"4,11,11,2,1",upsample_conv,"dilated=1,asymmetric=0,strided=1,dsc=0,context_pattern=dense_dilation_reg_interleaved,prelu=0,prelu_variant=standard,leaky_slope=None,leaky_slope_map=None,shallow_dilation=0,separable_dilated=0,merge_dilated_pairs=0,dsc_dilated_only=0,double_projections=0,two_block_skip=0,dsc_no_projection=1,shallow_dilation_wide=0,shallow_dilation_dense=0,dsc_no_projection_context_only=0,reg_bookend_dsc=0,pruned_blocks=stage3.2,stage3.3",32.0,33484.0,557449216.0,,0.757117274511173,0.708367130296095,0.6150760103021295,0.8942804831031587,0.7624127674796994,0.7566998371597049,0.7684357422589319,0.6316638839662989,0.9004088469607908,0.7678974456244869,0.7737727924841503,6.463333333333333,150.0,,0.0,484864.0
nnUNetTrainerENet_8_2_relu_prune_stage3_3_4_consec,experiment_stage3_3_4_consec,4.0,16.0,32.0,32.0,16.0,4.0,"4,11,11,2,1",upsample_conv,"dilated=1,asymmetric=0,strided=1,dsc=0,context_pattern=dense_dilation_reg_interleaved,prelu=0,prelu_variant=standard,leaky_slope=None,leaky_slope_map=None,shallow_dilation=0,separable_dilated=0,merge_dilated_pairs=0,dsc_dilated_only=0,double_projections=0,two_block_skip=0,dsc_no_projection=1,shallow_dilation_wide=0,shallow_dilation_dense=0,dsc_no_projection_context_only=0,reg_bookend_dsc=0,pruned_blocks=stage3.3,stage3.4",32.0,33484.0,557449216.0,,0.6934349325596113,0.6921686595486936,0.5118731045159955,0.8319628904280564,0.6946652791170032,0.7352384561773904,0.7039260130165572,0.5261953289820153,0.8395760047700899,0.7005489934136985,0.7493837249004255,6.683333333333334,150.0,,0.0,435712.0
nnUNetTrainerENet_8_2_relu_prune_stage3_1_3_skip,experiment_stage3_1_3_skip,4.0,16.0,32.0,32.0,16.0,4.0,"4,11,11,2,1",upsample_conv,"dilated=1,asymmetric=0,strided=1,dsc=0,context_pattern=dense_dilation_reg_interleaved,prelu=0,prelu_variant=standard,leaky_slope=None,leaky_slope_map=None,shallow_dilation=0,separable_dilated=0,merge_dilated_pairs=0,dsc_dilated_only=0,double_projections=0,two_block_skip=0,dsc_no_projection=1,shallow_dilation_wide=0,shallow_dilation_dense=0,dsc_no_projection_context_only=0,reg_bookend_dsc=0,pruned_blocks=stage3.1,stage3.3",32.0,33484.0,557449216.0,,0.7780122381256854,0.7123254336764553,0.6625346621588029,0.896503235400271,0.7729348790239057,0.7800761759197621,0.7880723616134172,0.6820718750513239,0.9006635726631503,0.7762083611168746,0.7933456376223199,6.716666666666667,150.0,,0.0,493056.0
nnUNetTrainerENet_8_2_relu_prune_stage3_2_4_skip,experiment_stage3_2_4_skip,4.0,16.0,32.0,32.0,16.0,4.0,"4,11,11,2,1",upsample_conv,"dilated=1,asymmetric=0,strided=1,dsc=0,context_pattern=dense_dilation_reg_interleaved,prelu=0,prelu_variant=standard,leaky_slope=None,leaky_slope_map=None,shallow_dilation=0,separable_dilated=0,merge_dilated_pairs=0,dsc_dilated_only=0,double_projections=0,two_block_skip=0,dsc_no_projection=1,shallow_dilation_wide=0,shallow_dilation_dense=0,dsc_no_projection_context_only=0,reg_bookend_dsc=0,pruned_blocks=stage3.2,stage3.4",32.0,33484.0,557449216.0,,0.7463890222089681,0.6949238119536463,0.6021318955622733,0.8510625886421453,0.7846763635380346,0.7476852410934192,0.7560077985109472,0.6140934310958742,0.8582343445908681,0.7908806080163413,0.7608228103407054,6.023333333333333,150.0,,0.0,452096.0
nnUNetTrainerENet_8_2_relu_prune_stage3_6_7_consec,experiment_stage3_6_7_consec,4.0,16.0,32.0,32.0,16.0,4.0,"4,11,11,2,1",upsample_conv,"dilated=1,asymmetric=0,strided=1,dsc=0,context_pattern=dense_dilation_reg_interleaved,prelu=0,prelu_variant=standard,leaky_slope=None,leaky_slope_map=None,shallow_dilation=0,separable_dilated=0,merge_dilated_pairs=0,dsc_dilated_only=0,double_projections=0,two_block_skip=0,dsc_no_projection=1,shallow_dilation_wide=0,shallow_dilation_dense=0,dsc_no_projection_context_only=0,reg_bookend_dsc=0,pruned_blocks=stage3.6,stage3.7",32.0,33484.0,557449216.0,,0.7726643569202749,0.718807739160004,0.6658475610334391,0.8583221095775764,0.8038527982590871,0.7626349588109969,0.7822630993872863,0.6846929586987952,0.8614117265188976,0.8113381062309005,0.771609606100552,7.716666666666667,150.0,,0.0,509440.0
nnUNetTrainerENet_8_2_relu_prune_stage3_7_8_consec,experiment_stage3_7_8_consec,4.0,16.0,32.0,32.0,16.0,4.0,"4,11,11,2,1",upsample_conv,"dilated=1,asymmetric=0,strided=1,dsc=0,context_pattern=dense_dilation_reg_interleaved,prelu=0,prelu_variant=standard,leaky_slope=None,leaky_slope_map=None,shallow_dilation=0,separable_dilated=0,merge_dilated_pairs=0,dsc_dilated_only=0,double_projections=0,two_block_skip=0,dsc_no_projection=1,shallow_dilation_wide=0,shallow_dilation_dense=0,dsc_no_projection_context_only=0,reg_bookend_dsc=0,pruned_blocks=stage3.7,stage3.8",32.0,33484.0,557449216.0,,0.7555450882298679,0.7033718428350326,0.667378247978889,0.8398600020202184,0.7342279368203908,0.7807141660999735,0.7632725507737909,0.6766280412929487,0.8438225391919533,0.7438788434316254,0.7887607791786363,6.88,150.0,,0.0,484864.0
nnUNetTrainerENet_8_2_relu_prune_stage3_8_9_consec,experiment_stage3_8_9_consec,4.0,16.0,32.0,32.0,16.0,4.0,"4,11,11,2,1",upsample_conv,"dilated=1,asymmetric=0,strided=1,dsc=0,context_pattern=dense_dilation_reg_interleaved,prelu=0,prelu_variant=standard,leaky_slope=None,leaky_slope_map=None,shallow_dilation=0,separable_dilated=0,merge_dilated_pairs=0,dsc_dilated_only=0,double_projections=0,two_block_skip=0,dsc_no_projection=1,shallow_dilation_wide=0,shallow_dilation_dense=0,dsc_no_projection_context_only=0,reg_bookend_dsc=0,pruned_blocks=stage3.8,stage3.9",32.0,33484.0,557449216.0,,0.7288355202388158,0.7146314197281719,0.6585069427431627,0.7474016392924646,0.7403825539177601,0.7690509450018759,0.7361370190054286,0.6649312046884052,0.7518990430374273,0.748669860719995,0.7790479675758875,6.026666666666666,150.0,,0.0,435712.0
nnUNetTrainerENet_8_2_relu_prune_stage3_6_8_skip,experiment_stage3_6_8_skip,4.0,16.0,32.0,32.0,16.0,4.0,"4,11,11,2,1",upsample_conv,"dilated=1,asymmetric=0,strided=1,dsc=0,context_pattern=dense_dilation_reg_interleaved,prelu=0,prelu_variant=standard,leaky_slope=None,leaky_slope_map=None,shallow_dilation=0,separable_dilated=0,merge_dilated_pairs=0,dsc_dilated_only=0,double_projections=0,two_block_skip=0,dsc_no_projection=1,shallow_dilation_wide=0,shallow_dilation_dense=0,dsc_no_projection_context_only=0,reg_bookend_dsc=0,pruned_blocks=stage3.6,stage3.8",32.0,33484.0,557449216.0,,0.7894827166560028,0.7185381903033423,0.6741323726168414,0.8884810912239894,0.8184052186387912,0.7769121841443891,0.79915027286384,0.6882051386713074,0.8917078118459734,0.8272921445643342,0.7893959963737451,7.223333333333334,150.0,,0.0,493056.0
nnUNetTrainerENet_8_2_relu_prune_stage3_7_9_skip,experiment_stage3_7_9_skip,4.0,16.0,32.0,32.0,16.0,4.0,"4,11,11,2,1",upsample_conv,"dilated=1,asymmetric=0,strided=1,dsc=0,context_pattern=dense_dilation_reg_interleaved,prelu=0,prelu_variant=standard,leaky_slope=None,leaky_slope_map=None,shallow_dilation=0,separable_dilated=0,merge_dilated_pairs=0,dsc_dilated_only=0,double_projections=0,two_block_skip=0,dsc_no_projection=1,shallow_dilation_wide=0,shallow_dilation_dense=0,dsc_no_projection_context_only=0,reg_bookend_dsc=0,pruned_blocks=stage3.7,stage3.9",32.0,33484.0,557449216.0,,0.7203776871500626,0.7116369904353419,0.6534335263706857,0.6970067794418322,0.7765286119086354,0.7545418308790973,0.7283781556095424,0.6612498181184041,0.7014233972281658,0.7839412865216354,0.7668981205699644,6.483333333333333,150.0,,0.0,452096.0
