case_id,dice_f1,precision,recall_sensitivity,boundary_f1
test_100,0.48954280155612256,0.6026946107775409,0.4121621621617402,0.4988222331272373
test_101,0.9389080856938915,0.9101018220780948,0.9695974878661582,0.9635435677296025
test_102,0.7991646362684558,0.9325751421601561,0.6991473812420003,0.7483722061081551
test_103,0.545427663191731,0.7767951147593666,0.4202551834125994,0.4705882307659853
test_104,0.8827340459988755,0.9359972521170872,0.8352063751523955,0.8910235820651276
test_105,0.7453597700585836,0.7590791823767026,0.7321274763128222,0.7233455351832844
test_106,0.7750888192264263,0.9199325329884711,0.669651885020461,0.7271880014631303
test_107,0.5156249999993396,0.8887417218503809,0.3631607432791572,0.5383332349060822
test_108,0.866604957316809,0.8813807531362314,0.8523164070385347,0.9056809968999252
test_109,0.8373101952270671,0.88004209049302,0.798535964352644,0.835487606363607
test_10,0.8789180453362485,0.9143438633741134,0.8461349492295723,0.9004490476954357
test_110,0.6984017159062489,0.7652767247903484,0.6422753881386584,0.6866853618266692
test_111,0.6227501799848538,0.7158620689635424,0.5510724145242067,0.6900232712395916
test_112,0.7921790797286222,0.9463519313289099,0.6812024714820802,0.7310786033243876
test_113,0.761230050602755,0.9238473167027138,0.647292466568718,0.8148385417671681
test_114,0.44054174728349416,0.7105136821874448,0.31924072476238213,0.39525121870368635
test_115,0.7118730808591676,0.7318484742182886,0.6929591497829741,0.7393599524870403
test_116,0.48237708574954724,0.505895564288778,0.46094815825296565,0.481129375686967
test_117,0.8040876242091214,0.8161604584517865,0.7923667519741934,0.840263826843833
test_118,0.700953336677495,0.690387941683493,0.7118471337561482,0.7273702265019019
test_119,0.802270728391459,0.7871038594276952,0.8180335887806652,0.7239887633122281
test_11,0.6201015830643161,0.5487892906355083,0.7127151866365155,0.6211267556455697
test_120,0.5570633603431054,0.6457673155259263,0.48978540772448104,0.5626834505954031
test_121,0.8127133105796268,0.8859091613689569,0.7506896098768545,0.8195136594815587
test_122,0.8190381755068269,0.9386363636328082,0.7264731750198579,0.8605886673053638
test_123,0.7846407021384699,0.799463447348984,0.7703576044791677,0.8648632997341911
test_124,0.6805058191580794,0.8896854425736801,0.5509649361234474,0.7132082513723494
test_125,0.7985456198150226,0.9084798345374652,0.7123454287437414,0.8159083916231125
test_126,0.8154371814258625,0.9209261133597413,0.7316313197302585,0.6975664281578419
test_127,0.9009038800700502,0.9261189801689221,0.8770254319123543,0.9366033212486016
test_128,0.7261345852888835,0.639803891526521,0.8393969849229359,0.7491020189472544
test_129,0.7020136172668376,0.8635067712014843,0.5914083475699502,0.7198394064459417
test_12,0.6072754268736343,0.7590942835903524,0.5060628557275277,0.7624495033703719
test_130,0.8487567641616381,0.9179878500511794,0.7892356687893062,0.8295882894684915
test_131,0.8656180420880085,0.8294562973147565,0.9050765995780939,0.9050429184294747
test_132,0.6837667398847277,0.9117535903232961,0.546990137172036,0.6613407243347368
test_133,0.8617224140592373,0.8955543652909528,0.8303535955494334,0.8457123153794868
test_134,0.7163093894943485,0.7797489082958792,0.6624159517729394,0.6379503570283344
test_135,0.6978086251261811,0.7945302788122989,0.6220800889868993,0.7592301783887636
test_136,0.821765777703477,0.8774319066132341,0.7727414330206033,0.8335711656941988
test_137,0.5533811795120789,0.536288232244223,0.5715995948056252,0.6052246628993608
test_138,0.8659094494392917,0.8800705467358023,0.8521968638396954,0.9221331912772718
test_139,0.8954957874263646,0.8727301436903951,0.9194809515872243,0.906556434546825
test_13,0.7822226656021637,0.7086948662321866,0.8727738201236945,0.6921580420069815
test_140,0.747339077545936,0.7965964343576537,0.7038186157501103,0.7959102579708245
test_141,0.8042655224628948,0.7760594252304236,0.8345992666306514,0.8360591910648224
test_142,0.5277844215893105,0.6855840927906264,0.4290343486708632,0.5378278068925556
test_143,0.8558488080039297,0.8662999083096887,0.8456468673711589,0.8422530903882799
test_144,0.8834941383956408,0.9048985230040325,0.863078950034597,0.9271926050992272
test_145,0.7236239272112515,0.8427776942719934,0.6339891451824581,0.8167782999427565
test_146,0.03611680327864227,0.019418812835670818,0.25776965264611024,0.037423916693765415
test_147,0.7507550942269321,0.8586998832222082,0.6669186002564682,0.7595024935877756
test_148,0.6168138547995087,0.7459084604705327,0.5258114978485278,0.5427375675604452
test_149,0.8048389769646993,0.9138233818352812,0.7190800513268985,0.8633905760738472
test_14,0.644450842089647,0.7810537334250156,0.5485175202149614,0.6195371604424823
test_150,0.8834170008691469,0.9610104338269808,0.817417479758762,0.8075866714430301
test_151,0.7780353769531263,0.9200852965059706,0.6739809580476985,0.7379893280779591
test_152,0.6337015345832651,0.5106942287005488,0.8347656249983696,0.6318864062912315
test_153,0.6166050662574446,0.7913003239222783,0.5050952591928739,0.5560424443986898
test_154,0.9286783042388225,0.9487898089159889,0.9094017094005991,0.9702835052422942
test_155,0.7350532350527333,0.7172349493863649,0.7537793952956974,0.7440481466483357
test_156,0.8616847565071263,0.855766479060521,0.8676854628098774,0.8572877379604145
test_157,0.584764598908575,0.674670707540885,0.5160024962106481,0.5528349457129675
test_158,0.8951906097425,0.8971476160714197,0.8932421227178831,0.9178278935717865
test_159,0.8230523868731021,0.8364835164825972,0.810045759284016,0.828922966977481
test_15,0.6740259740252446,0.8238095238073444,0.5703296703286258,0.6747260896152306
test_160,0.7724909251439492,0.8099156552133102,0.738372093021871,0.8028425992122009
test_161,0.6108328479903257,0.5476190476184757,0.6905451672363833,0.6262639542054329
test_162,0.29428736295407465,0.7395591647288889,0.18369111079068767,0.28988052428773287
test_163,0.5965350752623706,0.5919954904164689,0.6011448196902104,0.6486457197920323
test_164,0.8607100390684043,0.8605638586941906,0.8608562691116873,0.9192059860353857
test_165,0.8534723362334372,0.8545245335737203,0.8524227268993585,0.8691559497891707
test_166,0.6668794213070225,0.7463983807587254,0.6026725629680805,0.6488094372996475
test_167,0.9071891294040426,0.9111915190751532,0.9032217467902698,0.9106648083289469
test_168,0.6294079931602592,0.6179185900112927,0.6413327526118437,0.5384151570853624
test_169,0.8420388196300757,0.9275160785660916,0.7709868516099249,0.8739155691638373
test_16,0.7330179754013878,0.8628062360782566,0.637171052630531,0.7337281589358081
test_170,0.6965742251218325,0.7150251179772948,0.6790516119695258,0.673565561982857
test_171,0.8047019802942129,0.814313919051516,0.7953143077508722,0.7493677031852058
test_172,0.8236665695127813,0.845601436264697,0.8028409090899967,0.7483894160495417
test_173,0.7113068124300479,0.8045569040522045,0.6374274310589283,0.6785624103631371
test_174,0.8005907626206229,0.8951540263010297,0.7240977315778286,0.6630852586525717
test_175,0.7562550881949762,0.7975045787536658,0.7190628547830332,0.7625849102076752
test_176,0.8346058320297881,0.9185057703979362,0.7647505057309805,0.8432707189942518
test_177,0.49759066700450316,0.46023926812050164,0.5415401600875772,0.4581795229517578
test_178,0.8569486918081654,0.8648834019145071,0.849158249152531,0.8932578216708547
test_179,0.28584458226898407,0.3326257694749891,0.25059971213777293,0.3518595565926778
test_17,0.6686767169171762,0.5283218634188666,0.91058394160307,0.6682071452462566
test_180,0.6693085000977426,0.5546798029538434,0.8436563436521296,0.607407884870508
test_181,0.71065681611137,0.8421683857029957,0.6146708683468008,0.7434977144074316
test_182,0.7338593974161874,0.7508256880706392,0.7176429323019374,0.7214039578360126
test_183,0.7863551217584608,0.8843552500267386,0.7079080500570623,0.8246413749837923
test_184,0.8460963366437861,0.870740822157759,0.8228084752795775,0.8750861844090155
test_185,0.8555355535547138,0.7743380855386635,0.9557566616374129,0.837199847411057
test_186,0.6818908426573624,0.7376482213420513,0.6339702760071466,0.6390576314983795
test_187,0.6526185857867637,0.8547344110834764,0.5278094694801372,0.6734817264947504
test_188,0.4679867986793531,0.4299575500294523,0.513396089788768,0.50399033376484
test_189,0.8871923836888025,0.8509648518248605,0.9266416510301564,0.898183895609507
test_18,0.774804296376502,0.7481103884676602,0.8034736643367879,0.7866317393050167
test_190,0.8067507170963866,0.899315883401399,0.7314624410297187,0.8233235753470084
test_191,0.7458572092297151,0.8313481788350918,0.6763095070907509,0.766698508161139
test_192,0.7638827515092326,0.846970439325744,0.6956405097240836,0.8015822527214681
test_193,0.8802113431842811,0.8807203039800418,0.8797029702955781,0.9405763693478774
test_194,0.6533391279150836,0.7475138121538701,0.5802384424045113,0.6255003223880192
test_195,0.9391417425223497,0.9318709677411338,0.9465268676269579,0.9520749939566113
test_196,0.9160043726176867,0.9438626400383926,0.8897434425753947,0.940667179007996
test_197,0.819892655750513,0.8685763638968352,0.7763767370036331,0.7750773360671964
test_198,0.826002272357713,0.9079393398734916,0.7576298942969218,0.8197819080261157
test_199,0.7605319355461266,0.8748325145144318,0.6726476648345873,0.7402786696655206
test_19,0.5469975186101503,0.6200495049497974,0.48934469898731187,0.47099303956301836
test_1,0.7538834633278142,0.76946748728824,0.7389181549521535,0.78570522300732
test_200,0.7023092820555744,0.7343104096197535,0.6729808851380463,0.7525826558225576
test_201,0.5685110425072678,0.9440063091457834,0.40672782874571667,0.5114389314612521
test_202,0.7719044868087945,0.8532354193264652,0.7047292545704071,0.8136762513100975
test_203,0.9296578990714789,0.9612764024517814,0.9000531632101009,0.9574401069399484
test_204,0.8481136890037105,0.8914012213229151,0.8088356420810117,0.844270165340877
test_205,0.8524441762217666,0.8382167494986735,0.8671629191920288,0.8157026009867773
test_206,0.8075183179351337,0.93287207419265,0.7118625028075579,0.8151436664316692
test_207,0.6090769230764546,0.9053281500093635,0.4589080792854307,0.6102075666066963
test_208,0.6611004366809917,0.7758917589169528,0.5758977480215606,0.6655889842087589
test_209,0.8792541636491313,0.9183210436746848,0.8433755860385106,0.8722065717034537
test_20,0.8662747194009266,0.8344316309711342,0.9006445876851514,0.8281026455362529
test_210,0.5939307297416375,0.919517102613844,0.43862174872786386,0.6301510064941972
test_211,0.32148111819499664,0.22207165240939944,0.5820199778011498,0.30601855922715054
test_212,0.7626347305383132,0.7979949874673383,0.7302752293566815,0.6945518869462506
test_213,0.6045060658573618,0.6805853658523305,0.5437256430233145,0.5652420342015098
test_214,0.7345236108790528,0.7650330205068082,0.7063543003845424,0.7606130698785042
test_215,0.8002648421973071,0.7521261149123581,0.8549870313585122,0.8679560254894706
test_216,0.790392804171671,0.8292340126484998,0.7550274223027833,0.7044334725187315
test_217,0.8618046776229212,0.9211993243235462,0.80960510688776,0.8587226703377807
test_218,0.5092724679027163,0.5219298245608165,0.497214484679133,0.48705697278893717
test_219,0.635648358298808,0.6147205150708008,0.6580513784450845,0.6555641627634964
test_21,0.6398337785689285,0.6304398689744612,0.6495118717600945,0.615323980141516
test_220,0.87120322630003,0.8031814759028584,0.951812604572279,0.8441743623280824
test_221,0.8581210541191513,0.9520490660712628,0.7810623820682823,0.81847185103088
test_222,0.5798137903113076,0.6693146417435057,0.5114258509872512,0.5458956847653078
test_223,0.8147330003837808,0.8777030522494798,0.760193565731015,0.7990526450598312
test_224,0.6601048010194519,0.8715407629012045,0.531228630043007,0.5263026969110975
test_225,0.6566228100070511,0.8940040839040394,0.5188536953237245,0.5864038230046922
test_226,0.6365405133994624,0.8012324221823334,0.5280091628482632,0.5922507856541527
test_227,0.8101619060153192,0.946426374707254,0.7081971740227789,0.7342714668039596
test_228,0.8664606934425908,0.9355077835419785,0.8069053708429579,0.8940321346730222
test_229,0.6863254258172236,0.8943565037842459,0.556809255159211,0.6425365436520402
test_22,0.8180116367311824,0.8645064698953432,0.7762627232564083,0.8441558253431042
test_230,0.7238041537446086,0.6912583019200401,0.7595660749499412,0.6609964494300418
test_231,0.7898331193834198,0.8581789779057596,0.731570436601606,0.7238940376471285
test_232,0.40763993279652694,0.3635646687691427,0.4638760313937133,0.3458860375608861
test_233,0.7875235040367284,0.7844001322014053,0.7906718489719148,0.7357666596545044
test_234,0.6629676033646577,0.7550708388535775,0.5908909627497879,0.7022099056541148
test_235,0.71608565455635,0.8562356438307577,0.6153622062530438,0.6561523200113204
test_236,0.628096699348381,0.553051271911753,0.7267059231023092,0.6149650497726652
test_237,0.7637464730570753,0.8452399086049578,0.6965854883245084,0.7833796107805335
test_238,0.6904167466864889,0.7221775813565243,0.6613318616617709,0.7164611994591726
test_239,0.8031764038563025,0.9024856596539145,0.7235564639742402,0.7784884431468186
test_23,0.7607717041792489,0.8607809847177764,0.6815824851148807,0.7896397348057853
test_240,0.8336306868863984,0.8850828729274782,0.7878319516644738,0.8090431605399769
test_241,0.8254843403010754,0.873015873014459,0.7828612926640772,0.847907122573286
test_242,0.780278408045146,0.7783215072170562,0.7822451739815784,0.8224350408107473
test_243,0.46297497082060496,0.5351521511009817,0.40795337675647586,0.5000355506992525
test_244,0.4433388612488188,0.5814965197198912,0.35822762193968516,0.4242284912633693
test_245,0.6123256298140617,0.8834484830252826,0.46853592480409667,0.6409110255691691
test_246,0.7872511936499118,0.7879841112204717,0.786519638209904,0.7746028960775815
test_247,0.8388957055209577,0.8920929018777504,0.7916859657239558,0.8556886774098643
test_248,0.8789412697439294,0.8388824214192795,0.9230178045332099,0.870404748097085
test_249,0.858187046910995,0.9236523084847515,0.8013874902083457,0.8352582252904764
test_24,0.6175030599748903,0.8467132867109183,0.4859528014119667,0.6494965197941088
test_250,0.7859251387408277,0.8525682080173529,0.7289453510012824,0.7743921643116323
test_251,0.8266966529958812,0.8927142857130104,0.7697708795260289,0.8689336454153417
test_252,0.24032800672809046,0.36847195357714874,0.17831513260502604,0.2150026987812454
test_253,0.5059825374576846,0.49914929816992953,0.513005464479753,0.5299666309717297
test_254,0.7319513938524442,0.7892636924185806,0.6823990591919384,0.6605057641432759
test_255,0.8342894152475785,0.9218893773633351,0.7618926911696139,0.7814902719053592
test_256,0.8766774248336362,0.8554616277128204,0.8989723044750062,0.9274457086924782
test_257,0.8593705965233824,0.8921396528166723,0.8289235230140831,0.8231576482887064
test_258,0.7329250185595357,0.9403873630727572,0.6004561581345157,0.639726448668939
test_259,0.8773712199373939,0.9290637081846881,0.8311278195476224,0.9067878697638275
test_25,0.550869867779714,0.5841204250286539,0.5212009481162481,0.4762399583743531
test_260,0.8420441347265182,0.9267149552607205,0.7715501951037347,0.8632685280466182
test_261,0.8402366863898514,0.789129110839237,0.8984226035692522,0.8506465257843784
test_262,0.7106500243145479,0.7145884270567,0.7067547960652801,0.6587243283901254
test_263,0.8648398811483229,0.8857181498500328,0.844923235710431,0.8758635011144079
test_264,0.8564040158194622,0.8665093371630755,0.8465316760216053,0.8635116834206064
test_265,0.7936300530822428,0.83216304161529,0.7585076490778044,0.7777439102419865
test_266,0.654711802378175,0.9646805068725676,0.49549923833195475,0.6415251397708351
test_267,0.7657123496514218,0.8936338473669687,0.6698280972120041,0.7013188926472999
test_268,0.8292650304281219,0.8403361344526425,0.818481848183738,0.8022150640272544
test_269,0.7474089042430432,0.7898870212168781,0.7092663614985658,0.7017114087152801
test_26,0.7888847903592907,0.737640836972321,0.8477801268476539,0.8139158526222398
test_270,0.8157815393888892,0.8928908165181096,0.7509317262701205,0.8054740119751473
test_271,0.8765964791155707,0.8919915700721953,0.8617237869004721,0.8696915937669975
test_272,0.38582677165278384,0.48611111110869987,0.3198433420355097,0.34692008411633624
test_273,0.42725281601985793,0.7380083772453209,0.30065503385242437,0.39770885155223096
test_274,0.9403973509927547,0.924960917143141,0.9563577586194014,0.9670028914379686
test_275,0.8937170652607266,0.9151585588561927,0.8732572877045734,0.9351156205940486
test_276,0.616544222878908,0.49953617810683437,0.8051333167186515,0.6506046167883003
test_277,0.7901510912139572,0.9353058070203849,0.6839980623278831,0.810913434992904
test_278,0.6644685039366809,0.8768671255995885,0.5349021472145353,0.6088101386765867
test_279,0.7632908458860889,0.9065286799505597,0.6591418507839744,0.78979252087765
test_27,0.8003626772166169,0.8652646587045709,0.7445177120062191,0.8189230847927857
test_280,0.8206055128779157,0.7793991416299456,0.866412213739277,0.777674418416652
test_281,0.6355951564994017,0.7020524899046062,0.5806316961171829,0.6702446077089386
test_282,0.7475136349047581,0.9052059052041469,0.6366120218570538,0.7096578252626099
test_283,0.8521978863529324,0.8756688700025963,0.8299522673026074,0.7888992163367797
test_284,0.8667328980975967,0.880478662051787,0.8534097261027761,0.8582068355140937
test_285,0.8425212867975815,0.9510562918245957,0.7562209817931262,0.7952931048620389
test_286,0.7698089570930395,0.8439484978526284,0.7076435871589065,0.7896504123327704
test_287,0.7851273964637853,0.9089162182918737,0.6910153396629788,0.8146657806365186
test_288,0.7385613845313806,0.8988941548159587,0.6267670277205311,0.7598334933063497
test_289,0.763406940062669,0.8394595910408477,0.6999898508061504,0.8078418940530179
test_28,0.4118791697551835,0.35809232256476425,0.48467996946844977,0.3586844765935249
test_290,0.8892543859643028,0.9383858837128458,0.8450117218014522,0.9309384181607895
test_291,0.847858017135344,0.8492092681122358,0.8465110595125913,0.8876933339148394
test_292,0.8752124190507163,0.9053591790185239,0.8470086229879571,0.9066991597223906
test_293,0.7760076252718028,0.729238643633104,0.8291866724853351,0.8114659170300274
test_294,0.8719017328356701,0.9377211606499908,0.8147161303537459,0.8534657672760844
test_295,0.7945354342929463,0.8939737991258567,0.7150041911143371,0.7400367653204633
test_296,0.781585916808863,0.8752616887633021,0.706023079087101,0.8347428563872886
test_297,0.8367192905211532,0.9186520267930953,0.76820465438542,0.7248078125305258
test_298,0.25668568870957065,0.4303939962460398,0.1828762755099125,0.23475101605218468
test_299,0.6043255017888561,0.8536263736244976,0.4677263969165851,0.6795945619479122
test_29,0.8903198712109678,0.9563909774421708,0.8327877438773958,0.867015836023002
test_2,0.4843912591046788,0.47508079605294257,0.4940739430382203,0.4395385345322345
test_300,0.8216630908258099,0.9009124607914158,0.7552288753427091,0.8694652730915386
test_30,0.8260078591177318,0.7915620641556543,0.8635879488733539,0.7673884044553086
test_31,0.6753909694182211,0.8593528578166516,0.5563030349357416,0.6470549711282865
test_32,0.7785842370417647,0.8765621995761617,0.7003072196615204,0.7488971094010146
test_33,0.6854979615598639,0.7537624079386688,0.6285714285697501,0.6919927796225832
test_34,0.9146414257688116,0.9379153550175973,0.8924945914446788,0.9512151761626688
test_35,0.7268037438273072,0.5942395758006818,0.9354961107931408,0.7039190823733129
test_36,0.8470254957501369,0.8250985545324243,0.8701496674045591,0.8031587810966485
test_37,0.8030365541704736,0.8064302287026741,0.7996713229239119,0.778922276806471
test_38,0.8041390504525875,0.8935818427763511,0.7309725808425784,0.8283341345720527
test_39,0.9401172777344429,0.9458879618582289,0.934416578357548,0.9588497746648112
test_3,0.7280148759577632,0.8391886240058143,0.6428514217055323,0.7089435600108709
test_40,0.7070651748686695,0.6931809465362482,0.7215169660672882,0.7142864739434326
test_41,0.8728104575157694,0.9446802490082843,0.8111030126326395,0.8483983797806641
test_42,0.7408877661487361,0.7791271347233792,0.7062263501879839,0.7511383698601842
test_43,0.85701690859257,0.8755146680385515,0.839284613012125,0.8531167429514931
test_44,0.9138616485543151,0.9449164154536999,0.8847831665360925,0.9618876822318608
test_45,0.8759470244630871,0.9011185149917882,0.8521435805098996,0.8449460977145155
test_46,0.5841201444771661,0.6453374404919556,0.533510823011305,0.5819457997807301
test_47,0.7996092915354233,0.7295310237268967,0.8845816168022661,0.6878757208323291
test_48,0.854086378736974,0.9071277346493901,0.8069052102940277,0.9001713825661731
test_49,0.6907662605680774,0.7602579132462481,0.632914480906877,0.6325064322802647
test_4,0.789473684210126,0.8202507638807077,0.7609226859537084,0.7462245442934343
test_50,0.5501267573167202,0.7317596566501172,0.44073116691203706,0.5383042200133809
test_51,0.7526938938401272,0.763459722033783,0.7422274694992231,0.7310326156650574
test_52,0.7672035139088079,0.7799338478491952,0.7548820830212838,0.6883115042831804
test_53,0.9402807518434736,0.9414903754517424,0.9390742324865134,0.9789719498616187
test_54,0.7218508997425181,0.7596489118663464,0.6876360470171009,0.7715586044230724
test_55,0.8299319727883422,0.7589909664210687,0.9155016447349599,0.8243168890742337
test_56,0.6460911340801819,0.7867399397256041,0.5481042361361639,0.6673853704593605
test_57,0.7673662429788477,0.7753882915157798,0.7595084844923747,0.7861730047793561
test_58,0.8145147679320311,0.8303509979343537,0.7992712818805351,0.7521653777618534
test_59,0.8167131344762568,0.898034604400388,0.7488968270639847,0.7525834171446717
test_5,0.7871939736341025,0.7272844438706956,0.8578595317712712,0.7659104188208208
test_60,0.899958879162956,0.9110371075155672,0.88914683691133,0.8809435465031676
test_61,0.8036369994747301,0.8282573436640327,0.7804381049400909,0.8403298050574598
test_62,0.6284588366312737,0.8685768411071885,0.49234899328826015,0.5502971245929517
test_63,0.8146238265233275,0.8621606493130952,0.7720551378436441,0.8606800476261487
test_64,0.7803822036422958,0.7017049268348748,0.878930553218633,0.80517065052403
test_65,0.8536420483349444,0.8985146313253592,0.8130382293756031,0.8397586917751576
test_66,0.7551315901535174,0.7626010665736064,0.7478070175425982,0.7776892206787264
test_67,0.6589595375713887,0.8548057259684567,0.536126549806464,0.6723348546499137
test_68,0.8607360338887604,0.8292309654370243,0.894729599558422,0.9206608060677554
test_69,0.7524124256434205,0.8902095714704716,0.6515567765552849,0.7306974024984347
test_6,0.5599475647874559,0.49856347638669546,0.6385694572209768,0.580139891375277
test_70,0.8474208929336287,0.9444444444421632,0.7684748427657853,0.9073060442830521
test_71,0.8793807178037443,0.9254925196253511,0.8376457970226068,0.8507607260221762
test_72,0.36334012219909934,0.3677844969753497,0.35900187818524554,0.3701241935308663
test_73,0.49319277427531216,0.9419263456071593,0.3340509508429608,0.47518119095379113
test_74,0.5813148788920399,0.47624633430991936,0.7458665033657506,0.5432597047579908
test_75,0.5792904466763308,0.6019988895051616,0.5582329317263327,0.537339083770796
test_76,0.7802154750237216,0.7258975760876145,0.8433199237754747,0.7551796460523975
test_77,0.6112094395277231,0.7752556747308864,0.5044635611098,0.5771555117035326
test_78,0.8273180982396494,0.9311731315031561,0.7443047547020093,0.8256728505830236
test_79,0.753943217665205,0.6318140382856592,0.934600862997661,0.6871405637140392
test_7,0.693792924711226,0.7090451595805733,0.6791830521366495,0.6757142113806137
test_80,0.7404522989362785,0.8117338003493741,0.680679210646461,0.7043852944832686
test_81,0.7330807645938238,0.8444753025176662,0.6476494751245282,0.7560864923452056
test_82,0.5342695581926712,0.43693464782961994,0.687400063957967,0.5238782181915014
test_83,0.6335785454881118,0.7426326129657905,0.5524520948355371,0.643316741513154
test_84,0.6966361327067225,0.7425336396443345,0.6560823546459967,0.6921664487004289
test_85,0.7613338328955026,0.8132879727820427,0.7156189469964508,0.8099534395429493
test_86,0.7649353315537031,0.7228635173142662,0.8122070844677796,0.7134871549634524
test_87,0.5392293871026759,0.43776337115001984,0.7019230769212528,0.594620495802117
test_88,0.2948428189846981,0.5751503005988973,0.19823179997209803,0.2678434946315464
test_89,0.6005382545170315,0.8872983412840553,0.4538586703853395,0.6026890681123083
test_8,0.7522532424704592,0.831692793777091,0.686665997792027,0.7632338688656487
test_90,0.7971726110177536,0.9153655514238968,0.7060116601350415,0.8716721257644622
test_91,0.771568095495875,0.9203032544361681,0.6642199386084823,0.7554803247929373
test_92,0.7658485738645258,0.887351778654178,0.6736122687103291,0.8044714772932767
test_93,0.8289491997210654,0.8986119493046189,0.7693102557468751,0.8243524170501163
test_94,0.5635150166845789,0.74719764011579,0.45232142857062085,0.577453372559068
test_95,0.7658544634504341,0.8781533804227066,0.6790207744068282,0.7259487914930138
test_96,0.8973492261155511,0.8880281690125211,0.9068680330799949,0.9470377035862815
test_97,0.8610947616238515,0.8971332209092486,0.8278398641946133,0.8673992020535365
test_98,0.8748545786929741,0.9040013738607179,0.847528578327407,0.8797403448268485
test_99,0.9195740976354921,0.8992796332666676,0.9408057001905442,0.936805393998201
test_9,0.6994818652845965,0.6624412185640335,0.7409101303444535,0.6592285517418338
