seq,layer,stage,block_index,type,kernel,stride,padding,dilation,groups,bias,in_shape_chw,out_shape_chw,params,macs
0,initial.conv,initial,,Conv2d,3x3,2x2,1x1,1x1,1,False,1x512x512,15x256x256,135,8847360
1,initial.pool,initial,,MaxPool2d,2x2,2x2,0x0,,,,1x512x512,1x256x256,0,0
2,initial.bn,initial,,BatchNorm2d,,,,,,,16x256x256,16x256x256,32,0
3,initial.act,initial,,ReLU,,,,,,,16x256x256,16x256x256,0,0
4,down1.pool,down1,,MaxPool2d,2x2,2x2,0x0,,,,16x256x256,16x128x128,0,0
5,down1.reduce.0,down1,,Conv2d,2x2,2x2,0x0,1x1,1,False,16x256x256,16x128x128,1024,16777216
6,down1.reduce.1,down1,,BatchNorm2d,,,,,,,16x128x128,16x128x128,32,0
7,down1.reduce.2,down1,,ReLU,,,,,,,16x128x128,16x128x128,0,0
8,down1.conv.0,down1,,Conv2d,3x3,1x1,1x1,1x1,1,False,16x128x128,16x128x128,2304,37748736
9,down1.conv.1,down1,,BatchNorm2d,,,,,,,16x128x128,16x128x128,32,0
10,down1.conv.2,down1,,ReLU,,,,,,,16x128x128,16x128x128,0,0
11,down1.expand.0,down1,,Conv2d,1x1,1x1,0x0,1x1,1,False,16x128x128,64x128x128,1024,16777216
12,down1.expand.1,down1,,BatchNorm2d,,,,,,,64x128x128,64x128x128,128,0
13,down1.dropout,down1,,Dropout2d,,,,,,,64x128x128,64x128x128,0,0
14,down1.out_act,down1,,ReLU,,,,,,,64x128x128,64x128x128,0,0
15,regular1.0.reduce.0,regular1,0,Conv2d,1x1,1x1,0x0,1x1,1,False,64x128x128,16x128x128,1024,16777216
16,regular1.0.reduce.1,regular1,0,BatchNorm2d,,,,,,,16x128x128,16x128x128,32,0
17,regular1.0.reduce.2,regular1,0,ReLU,,,,,,,16x128x128,16x128x128,0,0
18,regular1.0.conv,regular1,0,Conv2d,3x3,1x1,1x1,1x1,1,False,16x128x128,16x128x128,2304,37748736
19,regular1.0.conv_bn_act.1,regular1,0,BatchNorm2d,,,,,,,16x128x128,16x128x128,32,0
20,regular1.0.conv_bn_act.2,regular1,0,ReLU,,,,,,,16x128x128,16x128x128,0,0
21,regular1.0.expand.0,regular1,0,Conv2d,1x1,1x1,0x0,1x1,1,False,16x128x128,64x128x128,1024,16777216
22,regular1.0.expand.1,regular1,0,BatchNorm2d,,,,,,,64x128x128,64x128x128,128,0
23,regular1.0.dropout,regular1,0,Dropout2d,,,,,,,64x128x128,64x128x128,0,0
24,regular1.0.out_act,regular1,0,ReLU,,,,,,,64x128x128,64x128x128,0,0
25,regular1.1.reduce.0,regular1,1,Conv2d,1x1,1x1,0x0,1x1,1,False,64x128x128,16x128x128,1024,16777216
26,regular1.1.reduce.1,regular1,1,BatchNorm2d,,,,,,,16x128x128,16x128x128,32,0
27,regular1.1.reduce.2,regular1,1,ReLU,,,,,,,16x128x128,16x128x128,0,0
28,regular1.1.conv,regular1,1,Conv2d,3x3,1x1,1x1,1x1,1,False,16x128x128,16x128x128,2304,37748736
29,regular1.1.conv_bn_act.1,regular1,1,BatchNorm2d,,,,,,,16x128x128,16x128x128,32,0
30,regular1.1.conv_bn_act.2,regular1,1,ReLU,,,,,,,16x128x128,16x128x128,0,0
31,regular1.1.expand.0,regular1,1,Conv2d,1x1,1x1,0x0,1x1,1,False,16x128x128,64x128x128,1024,16777216
32,regular1.1.expand.1,regular1,1,BatchNorm2d,,,,,,,64x128x128,64x128x128,128,0
33,regular1.1.dropout,regular1,1,Dropout2d,,,,,,,64x128x128,64x128x128,0,0
34,regular1.1.out_act,regular1,1,ReLU,,,,,,,64x128x128,64x128x128,0,0
35,regular1.2.reduce.0,regular1,2,Conv2d,1x1,1x1,0x0,1x1,1,False,64x128x128,16x128x128,1024,16777216
36,regular1.2.reduce.1,regular1,2,BatchNorm2d,,,,,,,16x128x128,16x128x128,32,0
37,regular1.2.reduce.2,regular1,2,ReLU,,,,,,,16x128x128,16x128x128,0,0
38,regular1.2.conv,regular1,2,Conv2d,3x3,1x1,1x1,1x1,1,False,16x128x128,16x128x128,2304,37748736
39,regular1.2.conv_bn_act.1,regular1,2,BatchNorm2d,,,,,,,16x128x128,16x128x128,32,0
40,regular1.2.conv_bn_act.2,regular1,2,ReLU,,,,,,,16x128x128,16x128x128,0,0
41,regular1.2.expand.0,regular1,2,Conv2d,1x1,1x1,0x0,1x1,1,False,16x128x128,64x128x128,1024,16777216
42,regular1.2.expand.1,regular1,2,BatchNorm2d,,,,,,,64x128x128,64x128x128,128,0
43,regular1.2.dropout,regular1,2,Dropout2d,,,,,,,64x128x128,64x128x128,0,0
44,regular1.2.out_act,regular1,2,ReLU,,,,,,,64x128x128,64x128x128,0,0
45,regular1.3.reduce.0,regular1,3,Conv2d,1x1,1x1,0x0,1x1,1,False,64x128x128,16x128x128,1024,16777216
46,regular1.3.reduce.1,regular1,3,BatchNorm2d,,,,,,,16x128x128,16x128x128,32,0
47,regular1.3.reduce.2,regular1,3,ReLU,,,,,,,16x128x128,16x128x128,0,0
48,regular1.3.conv,regular1,3,Conv2d,3x3,1x1,1x1,1x1,1,False,16x128x128,16x128x128,2304,37748736
49,regular1.3.conv_bn_act.1,regular1,3,BatchNorm2d,,,,,,,16x128x128,16x128x128,32,0
50,regular1.3.conv_bn_act.2,regular1,3,ReLU,,,,,,,16x128x128,16x128x128,0,0
51,regular1.3.expand.0,regular1,3,Conv2d,1x1,1x1,0x0,1x1,1,False,16x128x128,64x128x128,1024,16777216
52,regular1.3.expand.1,regular1,3,BatchNorm2d,,,,,,,64x128x128,64x128x128,128,0
53,regular1.3.dropout,regular1,3,Dropout2d,,,,,,,64x128x128,64x128x128,0,0
54,regular1.3.out_act,regular1,3,ReLU,,,,,,,64x128x128,64x128x128,0,0
55,down2.pool,down2,,MaxPool2d,2x2,2x2,0x0,,,,64x128x128,64x64x64,0,0
56,down2.reduce.0,down2,,Conv2d,2x2,2x2,0x0,1x1,1,False,64x128x128,32x64x64,8192,33554432
57,down2.reduce.1,down2,,BatchNorm2d,,,,,,,32x64x64,32x64x64,64,0
58,down2.reduce.2,down2,,ReLU,,,,,,,32x64x64,32x64x64,0,0
59,down2.conv.0,down2,,Conv2d,3x3,1x1,1x1,1x1,1,False,32x64x64,32x64x64,9216,37748736
60,down2.conv.1,down2,,BatchNorm2d,,,,,,,32x64x64,32x64x64,64,0
61,down2.conv.2,down2,,ReLU,,,,,,,32x64x64,32x64x64,0,0
62,down2.expand.0,down2,,Conv2d,1x1,1x1,0x0,1x1,1,False,32x64x64,128x64x64,4096,16777216
63,down2.expand.1,down2,,BatchNorm2d,,,,,,,128x64x64,128x64x64,256,0
64,down2.dropout,down2,,Dropout2d,,,,,,,128x64x64,128x64x64,0,0
65,down2.out_act,down2,,ReLU,,,,,,,128x64x64,128x64x64,0,0
66,stage2.0.reduce.0,stage2,0,Conv2d,1x1,1x1,0x0,1x1,1,False,128x64x64,32x64x64,4096,16777216
67,stage2.0.reduce.1,stage2,0,BatchNorm2d,,,,,,,32x64x64,32x64x64,64,0
68,stage2.0.reduce.2,stage2,0,ReLU,,,,,,,32x64x64,32x64x64,0,0
69,stage2.0.conv,stage2,0,Conv2d,3x3,1x1,1x1,1x1,1,False,32x64x64,32x64x64,9216,37748736
70,stage2.0.conv_bn_act.1,stage2,0,BatchNorm2d,,,,,,,32x64x64,32x64x64,64,0
71,stage2.0.conv_bn_act.2,stage2,0,ReLU,,,,,,,32x64x64,32x64x64,0,0
72,stage2.0.expand.0,stage2,0,Conv2d,1x1,1x1,0x0,1x1,1,False,32x64x64,128x64x64,4096,16777216
73,stage2.0.expand.1,stage2,0,BatchNorm2d,,,,,,,128x64x64,128x64x64,256,0
74,stage2.0.dropout,stage2,0,Dropout2d,,,,,,,128x64x64,128x64x64,0,0
75,stage2.0.out_act,stage2,0,ReLU,,,,,,,128x64x64,128x64x64,0,0
76,stage2.1.reduce.0,stage2,1,Conv2d,1x1,1x1,0x0,1x1,1,False,128x64x64,32x64x64,4096,16777216
77,stage2.1.reduce.1,stage2,1,BatchNorm2d,,,,,,,32x64x64,32x64x64,64,0
78,stage2.1.reduce.2,stage2,1,ReLU,,,,,,,32x64x64,32x64x64,0,0
79,stage2.1.conv,stage2,1,Conv2d,3x3,1x1,2x2,2x2,1,False,32x64x64,32x64x64,9216,37748736
80,stage2.1.conv_bn_act.1,stage2,1,BatchNorm2d,,,,,,,32x64x64,32x64x64,64,0
81,stage2.1.conv_bn_act.2,stage2,1,ReLU,,,,,,,32x64x64,32x64x64,0,0
82,stage2.1.expand.0,stage2,1,Conv2d,1x1,1x1,0x0,1x1,1,False,32x64x64,128x64x64,4096,16777216
83,stage2.1.expand.1,stage2,1,BatchNorm2d,,,,,,,128x64x64,128x64x64,256,0
84,stage2.1.dropout,stage2,1,Dropout2d,,,,,,,128x64x64,128x64x64,0,0
85,stage2.1.out_act,stage2,1,ReLU,,,,,,,128x64x64,128x64x64,0,0
86,stage2.2.reduce.0,stage2,2,Conv2d,1x1,1x1,0x0,1x1,1,False,128x64x64,32x64x64,4096,16777216
87,stage2.2.reduce.1,stage2,2,BatchNorm2d,,,,,,,32x64x64,32x64x64,64,0
88,stage2.2.reduce.2,stage2,2,ReLU,,,,,,,32x64x64,32x64x64,0,0
89,stage2.2.conv.0,stage2,2,Conv2d,5x1,1x1,2x0,1x1,1,False,32x64x64,32x64x64,5120,20971520
90,stage2.2.conv.1,stage2,2,BatchNorm2d,,,,,,,32x64x64,32x64x64,64,0
91,stage2.2.conv.2,stage2,2,ReLU,,,,,,,32x64x64,32x64x64,0,0
92,stage2.2.conv.3,stage2,2,Conv2d,1x5,1x1,0x2,1x1,1,False,32x64x64,32x64x64,5120,20971520
93,stage2.2.conv_bn_act.1,stage2,2,BatchNorm2d,,,,,,,32x64x64,32x64x64,64,0
94,stage2.2.conv_bn_act.2,stage2,2,ReLU,,,,,,,32x64x64,32x64x64,0,0
95,stage2.2.expand.0,stage2,2,Conv2d,1x1,1x1,0x0,1x1,1,False,32x64x64,128x64x64,4096,16777216
96,stage2.2.expand.1,stage2,2,BatchNorm2d,,,,,,,128x64x64,128x64x64,256,0
97,stage2.2.dropout,stage2,2,Dropout2d,,,,,,,128x64x64,128x64x64,0,0
98,stage2.2.out_act,stage2,2,ReLU,,,,,,,128x64x64,128x64x64,0,0
99,stage2.3.reduce.0,stage2,3,Conv2d,1x1,1x1,0x0,1x1,1,False,128x64x64,32x64x64,4096,16777216
100,stage2.3.reduce.1,stage2,3,BatchNorm2d,,,,,,,32x64x64,32x64x64,64,0
101,stage2.3.reduce.2,stage2,3,ReLU,,,,,,,32x64x64,32x64x64,0,0
102,stage2.3.conv,stage2,3,Conv2d,3x3,1x1,4x4,4x4,1,False,32x64x64,32x64x64,9216,37748736
103,stage2.3.conv_bn_act.1,stage2,3,BatchNorm2d,,,,,,,32x64x64,32x64x64,64,0
104,stage2.3.conv_bn_act.2,stage2,3,ReLU,,,,,,,32x64x64,32x64x64,0,0
105,stage2.3.expand.0,stage2,3,Conv2d,1x1,1x1,0x0,1x1,1,False,32x64x64,128x64x64,4096,16777216
106,stage2.3.expand.1,stage2,3,BatchNorm2d,,,,,,,128x64x64,128x64x64,256,0
107,stage2.3.dropout,stage2,3,Dropout2d,,,,,,,128x64x64,128x64x64,0,0
108,stage2.3.out_act,stage2,3,ReLU,,,,,,,128x64x64,128x64x64,0,0
109,stage2.4.reduce.0,stage2,4,Conv2d,1x1,1x1,0x0,1x1,1,False,128x64x64,32x64x64,4096,16777216
110,stage2.4.reduce.1,stage2,4,BatchNorm2d,,,,,,,32x64x64,32x64x64,64,0
111,stage2.4.reduce.2,stage2,4,ReLU,,,,,,,32x64x64,32x64x64,0,0
112,stage2.4.conv,stage2,4,Conv2d,3x3,1x1,1x1,1x1,1,False,32x64x64,32x64x64,9216,37748736
113,stage2.4.conv_bn_act.1,stage2,4,BatchNorm2d,,,,,,,32x64x64,32x64x64,64,0
114,stage2.4.conv_bn_act.2,stage2,4,ReLU,,,,,,,32x64x64,32x64x64,0,0
115,stage2.4.expand.0,stage2,4,Conv2d,1x1,1x1,0x0,1x1,1,False,32x64x64,128x64x64,4096,16777216
116,stage2.4.expand.1,stage2,4,BatchNorm2d,,,,,,,128x64x64,128x64x64,256,0
117,stage2.4.dropout,stage2,4,Dropout2d,,,,,,,128x64x64,128x64x64,0,0
118,stage2.4.out_act,stage2,4,ReLU,,,,,,,128x64x64,128x64x64,0,0
119,stage2.5.reduce.0,stage2,5,Conv2d,1x1,1x1,0x0,1x1,1,False,128x64x64,32x64x64,4096,16777216
120,stage2.5.reduce.1,stage2,5,BatchNorm2d,,,,,,,32x64x64,32x64x64,64,0
121,stage2.5.reduce.2,stage2,5,ReLU,,,,,,,32x64x64,32x64x64,0,0
122,stage2.5.conv,stage2,5,Conv2d,3x3,1x1,8x8,8x8,1,False,32x64x64,32x64x64,9216,37748736
123,stage2.5.conv_bn_act.1,stage2,5,BatchNorm2d,,,,,,,32x64x64,32x64x64,64,0
124,stage2.5.conv_bn_act.2,stage2,5,ReLU,,,,,,,32x64x64,32x64x64,0,0
125,stage2.5.expand.0,stage2,5,Conv2d,1x1,1x1,0x0,1x1,1,False,32x64x64,128x64x64,4096,16777216
126,stage2.5.expand.1,stage2,5,BatchNorm2d,,,,,,,128x64x64,128x64x64,256,0
127,stage2.5.dropout,stage2,5,Dropout2d,,,,,,,128x64x64,128x64x64,0,0
128,stage2.5.out_act,stage2,5,ReLU,,,,,,,128x64x64,128x64x64,0,0
129,stage2.6.reduce.0,stage2,6,Conv2d,1x1,1x1,0x0,1x1,1,False,128x64x64,32x64x64,4096,16777216
130,stage2.6.reduce.1,stage2,6,BatchNorm2d,,,,,,,32x64x64,32x64x64,64,0
131,stage2.6.reduce.2,stage2,6,ReLU,,,,,,,32x64x64,32x64x64,0,0
132,stage2.6.conv.0,stage2,6,Conv2d,5x1,1x1,2x0,1x1,1,False,32x64x64,32x64x64,5120,20971520
133,stage2.6.conv.1,stage2,6,BatchNorm2d,,,,,,,32x64x64,32x64x64,64,0
134,stage2.6.conv.2,stage2,6,ReLU,,,,,,,32x64x64,32x64x64,0,0
135,stage2.6.conv.3,stage2,6,Conv2d,1x5,1x1,0x2,1x1,1,False,32x64x64,32x64x64,5120,20971520
136,stage2.6.conv_bn_act.1,stage2,6,BatchNorm2d,,,,,,,32x64x64,32x64x64,64,0
137,stage2.6.conv_bn_act.2,stage2,6,ReLU,,,,,,,32x64x64,32x64x64,0,0
138,stage2.6.expand.0,stage2,6,Conv2d,1x1,1x1,0x0,1x1,1,False,32x64x64,128x64x64,4096,16777216
139,stage2.6.expand.1,stage2,6,BatchNorm2d,,,,,,,128x64x64,128x64x64,256,0
140,stage2.6.dropout,stage2,6,Dropout2d,,,,,,,128x64x64,128x64x64,0,0
141,stage2.6.out_act,stage2,6,ReLU,,,,,,,128x64x64,128x64x64,0,0
142,stage2.7.reduce.0,stage2,7,Conv2d,1x1,1x1,0x0,1x1,1,False,128x64x64,32x64x64,4096,16777216
143,stage2.7.reduce.1,stage2,7,BatchNorm2d,,,,,,,32x64x64,32x64x64,64,0
144,stage2.7.reduce.2,stage2,7,ReLU,,,,,,,32x64x64,32x64x64,0,0
145,stage2.7.conv,stage2,7,Conv2d,3x3,1x1,16x16,16x16,1,False,32x64x64,32x64x64,9216,37748736
146,stage2.7.conv_bn_act.1,stage2,7,BatchNorm2d,,,,,,,32x64x64,32x64x64,64,0
147,stage2.7.conv_bn_act.2,stage2,7,ReLU,,,,,,,32x64x64,32x64x64,0,0
148,stage2.7.expand.0,stage2,7,Conv2d,1x1,1x1,0x0,1x1,1,False,32x64x64,128x64x64,4096,16777216
149,stage2.7.expand.1,stage2,7,BatchNorm2d,,,,,,,128x64x64,128x64x64,256,0
150,stage2.7.dropout,stage2,7,Dropout2d,,,,,,,128x64x64,128x64x64,0,0
151,stage2.7.out_act,stage2,7,ReLU,,,,,,,128x64x64,128x64x64,0,0
152,stage3.0.reduce.0,stage3,0,Conv2d,1x1,1x1,0x0,1x1,1,False,128x64x64,32x64x64,4096,16777216
153,stage3.0.reduce.1,stage3,0,BatchNorm2d,,,,,,,32x64x64,32x64x64,64,0
154,stage3.0.reduce.2,stage3,0,ReLU,,,,,,,32x64x64,32x64x64,0,0
155,stage3.0.conv,stage3,0,Conv2d,3x3,1x1,1x1,1x1,1,False,32x64x64,32x64x64,9216,37748736
156,stage3.0.conv_bn_act.1,stage3,0,BatchNorm2d,,,,,,,32x64x64,32x64x64,64,0
157,stage3.0.conv_bn_act.2,stage3,0,ReLU,,,,,,,32x64x64,32x64x64,0,0
158,stage3.0.expand.0,stage3,0,Conv2d,1x1,1x1,0x0,1x1,1,False,32x64x64,128x64x64,4096,16777216
159,stage3.0.expand.1,stage3,0,BatchNorm2d,,,,,,,128x64x64,128x64x64,256,0
160,stage3.0.dropout,stage3,0,Dropout2d,,,,,,,128x64x64,128x64x64,0,0
161,stage3.0.out_act,stage3,0,ReLU,,,,,,,128x64x64,128x64x64,0,0
162,stage3.1.reduce.0,stage3,1,Conv2d,1x1,1x1,0x0,1x1,1,False,128x64x64,32x64x64,4096,16777216
163,stage3.1.reduce.1,stage3,1,BatchNorm2d,,,,,,,32x64x64,32x64x64,64,0
164,stage3.1.reduce.2,stage3,1,ReLU,,,,,,,32x64x64,32x64x64,0,0
165,stage3.1.conv,stage3,1,Conv2d,3x3,1x1,2x2,2x2,1,False,32x64x64,32x64x64,9216,37748736
166,stage3.1.conv_bn_act.1,stage3,1,BatchNorm2d,,,,,,,32x64x64,32x64x64,64,0
167,stage3.1.conv_bn_act.2,stage3,1,ReLU,,,,,,,32x64x64,32x64x64,0,0
168,stage3.1.expand.0,stage3,1,Conv2d,1x1,1x1,0x0,1x1,1,False,32x64x64,128x64x64,4096,16777216
169,stage3.1.expand.1,stage3,1,BatchNorm2d,,,,,,,128x64x64,128x64x64,256,0
170,stage3.1.dropout,stage3,1,Dropout2d,,,,,,,128x64x64,128x64x64,0,0
171,stage3.1.out_act,stage3,1,ReLU,,,,,,,128x64x64,128x64x64,0,0
172,stage3.2.reduce.0,stage3,2,Conv2d,1x1,1x1,0x0,1x1,1,False,128x64x64,32x64x64,4096,16777216
173,stage3.2.reduce.1,stage3,2,BatchNorm2d,,,,,,,32x64x64,32x64x64,64,0
174,stage3.2.reduce.2,stage3,2,ReLU,,,,,,,32x64x64,32x64x64,0,0
175,stage3.2.conv.0,stage3,2,Conv2d,5x1,1x1,2x0,1x1,1,False,32x64x64,32x64x64,5120,20971520
176,stage3.2.conv.1,stage3,2,BatchNorm2d,,,,,,,32x64x64,32x64x64,64,0
177,stage3.2.conv.2,stage3,2,ReLU,,,,,,,32x64x64,32x64x64,0,0
178,stage3.2.conv.3,stage3,2,Conv2d,1x5,1x1,0x2,1x1,1,False,32x64x64,32x64x64,5120,20971520
179,stage3.2.conv_bn_act.1,stage3,2,BatchNorm2d,,,,,,,32x64x64,32x64x64,64,0
180,stage3.2.conv_bn_act.2,stage3,2,ReLU,,,,,,,32x64x64,32x64x64,0,0
181,stage3.2.expand.0,stage3,2,Conv2d,1x1,1x1,0x0,1x1,1,False,32x64x64,128x64x64,4096,16777216
182,stage3.2.expand.1,stage3,2,BatchNorm2d,,,,,,,128x64x64,128x64x64,256,0
183,stage3.2.dropout,stage3,2,Dropout2d,,,,,,,128x64x64,128x64x64,0,0
184,stage3.2.out_act,stage3,2,ReLU,,,,,,,128x64x64,128x64x64,0,0
185,stage3.3.reduce.0,stage3,3,Conv2d,1x1,1x1,0x0,1x1,1,False,128x64x64,32x64x64,4096,16777216
186,stage3.3.reduce.1,stage3,3,BatchNorm2d,,,,,,,32x64x64,32x64x64,64,0
187,stage3.3.reduce.2,stage3,3,ReLU,,,,,,,32x64x64,32x64x64,0,0
188,stage3.3.conv,stage3,3,Conv2d,3x3,1x1,4x4,4x4,1,False,32x64x64,32x64x64,9216,37748736
189,stage3.3.conv_bn_act.1,stage3,3,BatchNorm2d,,,,,,,32x64x64,32x64x64,64,0
190,stage3.3.conv_bn_act.2,stage3,3,ReLU,,,,,,,32x64x64,32x64x64,0,0
191,stage3.3.expand.0,stage3,3,Conv2d,1x1,1x1,0x0,1x1,1,False,32x64x64,128x64x64,4096,16777216
192,stage3.3.expand.1,stage3,3,BatchNorm2d,,,,,,,128x64x64,128x64x64,256,0
193,stage3.3.dropout,stage3,3,Dropout2d,,,,,,,128x64x64,128x64x64,0,0
194,stage3.3.out_act,stage3,3,ReLU,,,,,,,128x64x64,128x64x64,0,0
195,stage3.4.reduce.0,stage3,4,Conv2d,1x1,1x1,0x0,1x1,1,False,128x64x64,32x64x64,4096,16777216
196,stage3.4.reduce.1,stage3,4,BatchNorm2d,,,,,,,32x64x64,32x64x64,64,0
197,stage3.4.reduce.2,stage3,4,ReLU,,,,,,,32x64x64,32x64x64,0,0
198,stage3.4.conv,stage3,4,Conv2d,3x3,1x1,1x1,1x1,1,False,32x64x64,32x64x64,9216,37748736
199,stage3.4.conv_bn_act.1,stage3,4,BatchNorm2d,,,,,,,32x64x64,32x64x64,64,0
200,stage3.4.conv_bn_act.2,stage3,4,ReLU,,,,,,,32x64x64,32x64x64,0,0
201,stage3.4.expand.0,stage3,4,Conv2d,1x1,1x1,0x0,1x1,1,False,32x64x64,128x64x64,4096,16777216
202,stage3.4.expand.1,stage3,4,BatchNorm2d,,,,,,,128x64x64,128x64x64,256,0
203,stage3.4.dropout,stage3,4,Dropout2d,,,,,,,128x64x64,128x64x64,0,0
204,stage3.4.out_act,stage3,4,ReLU,,,,,,,128x64x64,128x64x64,0,0
205,stage3.5.reduce.0,stage3,5,Conv2d,1x1,1x1,0x0,1x1,1,False,128x64x64,32x64x64,4096,16777216
206,stage3.5.reduce.1,stage3,5,BatchNorm2d,,,,,,,32x64x64,32x64x64,64,0
207,stage3.5.reduce.2,stage3,5,ReLU,,,,,,,32x64x64,32x64x64,0,0
208,stage3.5.conv,stage3,5,Conv2d,3x3,1x1,8x8,8x8,1,False,32x64x64,32x64x64,9216,37748736
209,stage3.5.conv_bn_act.1,stage3,5,BatchNorm2d,,,,,,,32x64x64,32x64x64,64,0
210,stage3.5.conv_bn_act.2,stage3,5,ReLU,,,,,,,32x64x64,32x64x64,0,0
211,stage3.5.expand.0,stage3,5,Conv2d,1x1,1x1,0x0,1x1,1,False,32x64x64,128x64x64,4096,16777216
212,stage3.5.expand.1,stage3,5,BatchNorm2d,,,,,,,128x64x64,128x64x64,256,0
213,stage3.5.dropout,stage3,5,Dropout2d,,,,,,,128x64x64,128x64x64,0,0
214,stage3.5.out_act,stage3,5,ReLU,,,,,,,128x64x64,128x64x64,0,0
215,stage3.6.reduce.0,stage3,6,Conv2d,1x1,1x1,0x0,1x1,1,False,128x64x64,32x64x64,4096,16777216
216,stage3.6.reduce.1,stage3,6,BatchNorm2d,,,,,,,32x64x64,32x64x64,64,0
217,stage3.6.reduce.2,stage3,6,ReLU,,,,,,,32x64x64,32x64x64,0,0
218,stage3.6.conv.0,stage3,6,Conv2d,5x1,1x1,2x0,1x1,1,False,32x64x64,32x64x64,5120,20971520
219,stage3.6.conv.1,stage3,6,BatchNorm2d,,,,,,,32x64x64,32x64x64,64,0
220,stage3.6.conv.2,stage3,6,ReLU,,,,,,,32x64x64,32x64x64,0,0
221,stage3.6.conv.3,stage3,6,Conv2d,1x5,1x1,0x2,1x1,1,False,32x64x64,32x64x64,5120,20971520
222,stage3.6.conv_bn_act.1,stage3,6,BatchNorm2d,,,,,,,32x64x64,32x64x64,64,0
223,stage3.6.conv_bn_act.2,stage3,6,ReLU,,,,,,,32x64x64,32x64x64,0,0
224,stage3.6.expand.0,stage3,6,Conv2d,1x1,1x1,0x0,1x1,1,False,32x64x64,128x64x64,4096,16777216
225,stage3.6.expand.1,stage3,6,BatchNorm2d,,,,,,,128x64x64,128x64x64,256,0
226,stage3.6.dropout,stage3,6,Dropout2d,,,,,,,128x64x64,128x64x64,0,0
227,stage3.6.out_act,stage3,6,ReLU,,,,,,,128x64x64,128x64x64,0,0
228,stage3.7.reduce.0,stage3,7,Conv2d,1x1,1x1,0x0,1x1,1,False,128x64x64,32x64x64,4096,16777216
229,stage3.7.reduce.1,stage3,7,BatchNorm2d,,,,,,,32x64x64,32x64x64,64,0
230,stage3.7.reduce.2,stage3,7,ReLU,,,,,,,32x64x64,32x64x64,0,0
231,stage3.7.conv,stage3,7,Conv2d,3x3,1x1,16x16,16x16,1,False,32x64x64,32x64x64,9216,37748736
232,stage3.7.conv_bn_act.1,stage3,7,BatchNorm2d,,,,,,,32x64x64,32x64x64,64,0
233,stage3.7.conv_bn_act.2,stage3,7,ReLU,,,,,,,32x64x64,32x64x64,0,0
234,stage3.7.expand.0,stage3,7,Conv2d,1x1,1x1,0x0,1x1,1,False,32x64x64,128x64x64,4096,16777216
235,stage3.7.expand.1,stage3,7,BatchNorm2d,,,,,,,128x64x64,128x64x64,256,0
236,stage3.7.dropout,stage3,7,Dropout2d,,,,,,,128x64x64,128x64x64,0,0
237,stage3.7.out_act,stage3,7,ReLU,,,,,,,128x64x64,128x64x64,0,0
238,up4.main_proj.0,up4,,Conv2d,1x1,1x1,0x0,1x1,1,False,128x64x64,64x64x64,8192,33554432
239,up4.main_proj.1,up4,,BatchNorm2d,,,,,,,64x64x64,64x64x64,128,0
240,up4.reduce.0,up4,,Conv2d,1x1,1x1,0x0,1x1,1,False,128x64x64,32x64x64,4096,16777216
241,up4.reduce.1,up4,,BatchNorm2d,,,,,,,32x64x64,32x64x64,64,0
242,up4.reduce.2,up4,,ReLU,,,,,,,32x64x64,32x64x64,0,0
243,up4.up.0,up4,,ConvTranspose2d,2x2,2x2,0x0,1x1,1,False,32x64x64,32x128x128,4096,16777216
244,up4.up.1,up4,,BatchNorm2d,,,,,,,32x128x128,32x128x128,64,0
245,up4.up.2,up4,,ReLU,,,,,,,32x128x128,32x128x128,0,0
246,up4.expand.0,up4,,Conv2d,1x1,1x1,0x0,1x1,1,False,32x128x128,64x128x128,2048,33554432
247,up4.expand.1,up4,,BatchNorm2d,,,,,,,64x128x128,64x128x128,128,0
248,up4.dropout,up4,,Dropout2d,,,,,,,64x128x128,64x128x128,0,0
249,up4.out_act,up4,,ReLU,,,,,,,64x128x128,64x128x128,0,0
250,regular4.0.reduce.0,regular4,0,Conv2d,1x1,1x1,0x0,1x1,1,False,64x128x128,16x128x128,1024,16777216
251,regular4.0.reduce.1,regular4,0,BatchNorm2d,,,,,,,16x128x128,16x128x128,32,0
252,regular4.0.reduce.2,regular4,0,ReLU,,,,,,,16x128x128,16x128x128,0,0
253,regular4.0.conv,regular4,0,Conv2d,3x3,1x1,1x1,1x1,1,False,16x128x128,16x128x128,2304,37748736
254,regular4.0.conv_bn_act.1,regular4,0,BatchNorm2d,,,,,,,16x128x128,16x128x128,32,0
255,regular4.0.conv_bn_act.2,regular4,0,ReLU,,,,,,,16x128x128,16x128x128,0,0
256,regular4.0.expand.0,regular4,0,Conv2d,1x1,1x1,0x0,1x1,1,False,16x128x128,64x128x128,1024,16777216
257,regular4.0.expand.1,regular4,0,BatchNorm2d,,,,,,,64x128x128,64x128x128,128,0
258,regular4.0.dropout,regular4,0,Dropout2d,,,,,,,64x128x128,64x128x128,0,0
259,regular4.0.out_act,regular4,0,ReLU,,,,,,,64x128x128,64x128x128,0,0
260,regular4.1.reduce.0,regular4,1,Conv2d,1x1,1x1,0x0,1x1,1,False,64x128x128,16x128x128,1024,16777216
261,regular4.1.reduce.1,regular4,1,BatchNorm2d,,,,,,,16x128x128,16x128x128,32,0
262,regular4.1.reduce.2,regular4,1,ReLU,,,,,,,16x128x128,16x128x128,0,0
263,regular4.1.conv,regular4,1,Conv2d,3x3,1x1,1x1,1x1,1,False,16x128x128,16x128x128,2304,37748736
264,regular4.1.conv_bn_act.1,regular4,1,BatchNorm2d,,,,,,,16x128x128,16x128x128,32,0
265,regular4.1.conv_bn_act.2,regular4,1,ReLU,,,,,,,16x128x128,16x128x128,0,0
266,regular4.1.expand.0,regular4,1,Conv2d,1x1,1x1,0x0,1x1,1,False,16x128x128,64x128x128,1024,16777216
267,regular4.1.expand.1,regular4,1,BatchNorm2d,,,,,,,64x128x128,64x128x128,128,0
268,regular4.1.dropout,regular4,1,Dropout2d,,,,,,,64x128x128,64x128x128,0,0
269,regular4.1.out_act,regular4,1,ReLU,,,,,,,64x128x128,64x128x128,0,0
270,up5.main_proj.0,up5,,Conv2d,1x1,1x1,0x0,1x1,1,False,64x128x128,16x128x128,1024,16777216
271,up5.main_proj.1,up5,,BatchNorm2d,,,,,,,16x128x128,16x128x128,32,0
272,up5.reduce.0,up5,,Conv2d,1x1,1x1,0x0,1x1,1,False,64x128x128,16x128x128,1024,16777216
273,up5.reduce.1,up5,,BatchNorm2d,,,,,,,16x128x128,16x128x128,32,0
274,up5.reduce.2,up5,,ReLU,,,,,,,16x128x128,16x128x128,0,0
275,up5.up.0,up5,,ConvTranspose2d,2x2,2x2,0x0,1x1,1,False,16x128x128,16x256x256,1024,16777216
276,up5.up.1,up5,,BatchNorm2d,,,,,,,16x256x256,16x256x256,32,0
277,up5.up.2,up5,,ReLU,,,,,,,16x256x256,16x256x256,0,0
278,up5.expand.0,up5,,Conv2d,1x1,1x1,0x0,1x1,1,False,16x256x256,16x256x256,256,16777216
279,up5.expand.1,up5,,BatchNorm2d,,,,,,,16x256x256,16x256x256,32,0
280,up5.dropout,up5,,Dropout2d,,,,,,,16x256x256,16x256x256,0,0
281,up5.out_act,up5,,ReLU,,,,,,,16x256x256,16x256x256,0,0
282,regular5.0.reduce.0,regular5,0,Conv2d,1x1,1x1,0x0,1x1,1,False,16x256x256,4x256x256,64,4194304
283,regular5.0.reduce.1,regular5,0,BatchNorm2d,,,,,,,4x256x256,4x256x256,8,0
284,regular5.0.reduce.2,regular5,0,ReLU,,,,,,,4x256x256,4x256x256,0,0
285,regular5.0.conv,regular5,0,Conv2d,3x3,1x1,1x1,1x1,1,False,4x256x256,4x256x256,144,9437184
286,regular5.0.conv_bn_act.1,regular5,0,BatchNorm2d,,,,,,,4x256x256,4x256x256,8,0
287,regular5.0.conv_bn_act.2,regular5,0,ReLU,,,,,,,4x256x256,4x256x256,0,0
288,regular5.0.expand.0,regular5,0,Conv2d,1x1,1x1,0x0,1x1,1,False,4x256x256,16x256x256,64,4194304
289,regular5.0.expand.1,regular5,0,BatchNorm2d,,,,,,,16x256x256,16x256x256,32,0
290,regular5.0.dropout,regular5,0,Dropout2d,,,,,,,16x256x256,16x256x256,0,0
291,regular5.0.out_act,regular5,0,ReLU,,,,,,,16x256x256,16x256x256,0,0
292,final,final,,ConvTranspose2d,2x2,2x2,0x0,1x1,1,True,16x256x256,5x512x512,325,20971520
