id,name,track,channels,bottlenecks,decoder_type,params,params_m,final_dice,best_dice,momentum,acceleration,num_dice_epochs,mean_epoch_time_s,duration_s,returncode,hypothesis,pseudo_dice_by_epoch,results_root
BD01,bd_stage1,bottleneck_depth,"16,64,128,64,16","8,8,8,2,1",upsample_conv,388057,0.388057,0.8007,0.8039,0.023599999999999954,-0.007471428571428573,15,25.204666666666665,,0,bottleneck-depth track: +4 blocks to stage1 vs Original's native depth.,0.701200;0.729700;0.741900;0.737200;0.780900;0.772300;0.772600;0.777100;0.787400;0.796500;0.784100;0.800400;0.803900;0.802300;0.800700,/workspace/LightM-UNet/upscale/results/pareto_e15/BD01_bd_stage1
BD02,bd_stage2,bottleneck_depth,"16,64,128,64,16","4,12,8,2,1",upsample_conv,442553,0.442553,0.8076,0.8076,0.01980000000000004,-0.012828571428571411,15,23.56133333333333,,0,bottleneck-depth track: +4 blocks to stage2 vs Original's native depth.,0.678200;0.724100;0.752900;0.747600;0.772000;0.756400;0.782400;0.787800;0.783500;0.794400;0.799100;0.799100;0.795000;0.804000;0.807600,/workspace/LightM-UNet/upscale/results/pareto_e15/BD02_bd_stage2
BD03,bd_stage3,bottleneck_depth,"16,64,128,64,16","4,8,12,2,1",upsample_conv,442553,0.442553,0.8023,0.8087,0.01200000000000001,-0.015814285714285715,15,23.722,,0,bottleneck-depth track: +4 blocks to stage3 vs Original's native depth.,0.667600;0.724900;0.730100;0.738700;0.765800;0.755900;0.777700;0.790300;0.778300;0.785400;0.789200;0.801200;0.808700;0.797900;0.802300,/workspace/LightM-UNet/upscale/results/pareto_e15/BD03_bd_stage3
BD04,bd_regular4,bottleneck_depth,"16,64,128,64,16","4,8,8,6,1",upsample_conv,387673,0.387673,0.8005,0.8005,0.02180000000000004,-0.009328571428571415,15,24.918666666666663,,0,bottleneck-depth track: +4 blocks to regular4 vs Original's native depth.,0.691600;0.720000;0.753200;0.759300;0.771800;0.774000;0.766500;0.778700;0.781300;0.779400;0.798700;0.798200;0.800000;0.797600;0.800500,/workspace/LightM-UNet/upscale/results/pareto_e15/BD04_bd_regular4
BD05,bd_regular5,bottleneck_depth,"16,64,128,64,16","4,8,8,2,5",upsample_conv,370777,0.370777,0.804,0.8074,0.02760000000000007,-0.010928571428571414,15,27.503999999999998,,0,bottleneck-depth track: +4 blocks to regular5 vs Original's native depth.,0.672300;0.721200;0.732200;0.752900;0.755500;0.752700;0.760000;0.776400;0.785800;0.790200;0.790700;0.801000;0.807400;0.788000;0.804000,/workspace/LightM-UNet/upscale/results/pareto_e15/BD05_bd_regular5
BD06,bd_stage1_stage2,bottleneck_depth,"16,64,128,64,16","8,12,8,2,1",upsample_conv,461113,0.461113,0.8122,0.8122,0.027100000000000013,-0.01092857142857143,15,26.979333333333336,,0,bottleneck-depth track: +4 blocks to stage1+stage2 vs Original's native depth.,0.681500;0.702600;0.740100;0.751600;0.769800;0.765300;0.771200;0.785100;0.768800;0.780600;0.804400;0.791700;0.804500;0.808000;0.812200,/workspace/LightM-UNet/upscale/results/pareto_e15/BD06_bd_stage1_stage2
BD07,bd_stage1_stage3,bottleneck_depth,"16,64,128,64,16","8,8,12,2,1",upsample_conv,461113,0.461113,0.8119,0.8119,0.04479999999999995,-0.014671428571428575,15,26.953333333333337,,0,bottleneck-depth track: +4 blocks to stage1+stage3 vs Original's native depth.,0.619600;0.738200;0.747400;0.761400;0.760300;0.784200;0.781300;0.767100;0.798200;0.790300;0.805900;0.802700;0.795300;0.808100;0.811900,/workspace/LightM-UNet/upscale/results/pareto_e15/BD07_bd_stage1_stage3
BD08,bd_stage1_regular4,bottleneck_depth,"16,64,128,64,16","8,8,8,6,1",upsample_conv,406233,0.406233,0.8018,0.8052,0.018199999999999994,-0.009714285714285707,15,28.55066666666666,,0,bottleneck-depth track: +4 blocks to stage1+regular4 vs Original's native depth.,0.697400;0.726300;0.726900;0.750100;0.769400;0.775900;0.775600;0.783600;0.780000;0.799100;0.780600;0.800500;0.803000;0.805200;0.801800,/workspace/LightM-UNet/upscale/results/pareto_e15/BD08_bd_stage1_regular4
BD09,bd_stage1_regular5,bottleneck_depth,"16,64,128,64,16","8,8,8,2,5",upsample_conv,389337,0.389337,0.8088,0.8125,0.03689999999999993,-0.0066714285714285825,15,30.881999999999998,,0,bottleneck-depth track: +4 blocks to stage1+regular5 vs Original's native depth.,0.688300;0.739000;0.725700;0.754400;0.766500;0.768300;0.781400;0.771900;0.783600;0.778700;0.796500;0.793700;0.800800;0.812500;0.808800,/workspace/LightM-UNet/upscale/results/pareto_e15/BD09_bd_stage1_regular5
BD10,bd_stage2_stage3,bottleneck_depth,"16,64,128,64,16","4,12,12,2,1",upsample_conv,515609,0.515609,0.8099,0.8099,0.023799999999999932,-0.012300000000000009,15,25.424,,0,bottleneck-depth track: +4 blocks to stage2+stage3 vs Original's native depth.,0.676200;0.724200;0.719900;0.755200;0.765800;0.780100;0.793000;0.786100;0.783000;0.790500;0.801800;0.799500;0.803500;0.801900;0.809900,/workspace/LightM-UNet/upscale/results/pareto_e15/BD10_bd_stage2_stage3
BD11,bd_stage2_regular4,bottleneck_depth,"16,64,128,64,16","4,12,8,6,1",upsample_conv,460729,0.460729,0.8149,0.8149,0.017899999999999916,-0.015900000000000025,15,26.86733333333333,,0,bottleneck-depth track: +4 blocks to stage2+regular4 vs Original's native depth.,0.667800;0.738200;0.745900;0.756200;0.758000;0.759300;0.782200;0.797000;0.788900;0.793000;0.792500;0.794500;0.808000;0.807500;0.814900,/workspace/LightM-UNet/upscale/results/pareto_e15/BD11_bd_stage2_regular4
BD12,bd_stage2_regular5,bottleneck_depth,"16,64,128,64,16","4,12,8,2,5",upsample_conv,443833,0.443833,0.8028,0.8028,0.028799999999999937,-0.010842857142857154,15,29.131999999999998,,0,bottleneck-depth track: +4 blocks to stage2+regular5 vs Original's native depth.,0.669300;0.683500;0.741600;0.759400;0.752300;0.770300;0.770600;0.774000;0.787000;0.797400;0.796700;0.788600;0.794900;0.790600;0.802800,/workspace/LightM-UNet/upscale/results/pareto_e15/BD12_bd_stage2_regular5
BD13,bd_stage3_regular4,bottleneck_depth,"16,64,128,64,16","4,8,12,6,1",upsample_conv,460729,0.460729,0.8071,0.8101,0.020100000000000007,-0.013242857142857143,15,26.485333333333333,,0,bottleneck-depth track: +4 blocks to stage3+regular4 vs Original's native depth.,0.674200;0.711100;0.746100;0.748300;0.748900;0.778000;0.783000;0.787000;0.785000;0.778300;0.792400;0.799700;0.801600;0.810100;0.807100,/workspace/LightM-UNet/upscale/results/pareto_e15/BD13_bd_stage3_regular4
BD14,bd_stage3_regular5,bottleneck_depth,"16,64,128,64,16","4,8,12,2,5",upsample_conv,443833,0.443833,0.8013,0.8042,0.020499999999999963,-0.016228571428571432,15,29.326666666666664,,0,bottleneck-depth track: +4 blocks to stage3+regular5 vs Original's native depth.,0.646700;0.700000;0.712200;0.747700;0.744600;0.774600;0.775500;0.780800;0.783100;0.785900;0.797200;0.804200;0.794900;0.803100;0.801300,/workspace/LightM-UNet/upscale/results/pareto_e15/BD14_bd_stage3_regular5
BD15,bd_regular4_regular5,bottleneck_depth,"16,64,128,64,16","4,8,8,6,5",upsample_conv,388953,0.388953,0.8151,0.8151,0.032400000000000095,-0.008914285714285701,15,30.4,,0,bottleneck-depth track: +4 blocks to regular4+regular5 vs Original's native depth.,0.687900;0.723000;0.750700;0.762500;0.783200;0.772300;0.769200;0.782700;0.785400;0.800700;0.790000;0.798900;0.800800;0.801600;0.815100,/workspace/LightM-UNet/upscale/results/pareto_e15/BD15_bd_regular4_regular5
MU01,mu_stem,max_unpool,"28,64,128,128,64,28","4,8,8,2,1",max_unpool,372110,0.37211,0.8023,0.8067,0.032299999999999995,-0.008857142857142866,15,22.989333333333335,,0,max_unpool track: bump stem by 1.75x vs Original.,0.675700;0.712200;0.750600;0.765500;0.757200;0.782200;0.781600;0.770000;0.782800;0.792100;0.793600;0.804900;0.806700;0.797200;0.802300,/workspace/LightM-UNet/upscale/results/pareto_e15/MU01_mu_stem
MU02,mu_flank,max_unpool,"16,112,128,128,112,16","4,8,8,2,1",max_unpool,451601,0.451601,0.7992,0.8001,0.029900000000000038,-0.014357142857142844,15,26.16133333333333,,0,max_unpool track: bump flank by 1.75x vs Original.,0.638900;0.696800;0.742800;0.758900;0.750000;0.781800;0.780500;0.769300;0.783600;0.789500;0.793200;0.796600;0.800100;0.798200;0.799200,/workspace/LightM-UNet/upscale/results/pareto_e15/MU02_mu_flank
MU03,mu_f2,max_unpool,"16,64,224,128,64,16","4,8,8,2,1",max_unpool,727641,0.727641,0.7848,0.8012,0.014800000000000035,-0.012599999999999991,15,23.838000000000005,,0,max_unpool track: bump f2 by 1.75x vs Original.,0.667000;0.713000;0.745400;0.725800;0.753600;0.757400;0.777400;0.770000;0.786200;0.786700;0.787000;0.783300;0.800200;0.801200;0.784800,/workspace/LightM-UNet/upscale/results/pareto_e15/MU03_mu_f2
MU04,mu_f3,max_unpool,"16,64,128,224,64,16","4,8,8,2,1",max_unpool,718569,0.718569,0.7978,0.8008,0.022299999999999986,-0.015800000000000005,15,24.236666666666665,,0,max_unpool track: bump f3 by 1.75x vs Original.,0.642600;0.677500;0.741000;0.731000;0.763900;0.767800;0.751600;0.775500;0.792000;0.784300;0.788000;0.788700;0.790700;0.800800;0.797800,/workspace/LightM-UNet/upscale/results/pareto_e15/MU04_mu_f3
MU05,mu_stem_flank,max_unpool,"28,112,128,128,112,28","4,8,8,2,1",max_unpool,455510,0.45551,0.8027,0.8051,0.01859999999999995,-0.011885714285714295,15,27.618,,0,max_unpool track: bump stem+flank by 1.75x vs Original.,0.682300;0.709600;0.757400;0.759100;0.762300;0.782200;0.781200;0.784100;0.785400;0.783900;0.791800;0.797300;0.798600;0.805100;0.802700,/workspace/LightM-UNet/upscale/results/pareto_e15/MU05_mu_stem_flank
MU06,mu_stem_f2,max_unpool,"28,64,224,128,64,28","4,8,8,2,1",max_unpool,730254,0.730254,0.8069,0.8069,0.025499999999999967,-0.011699999999999995,15,25.468,,0,max_unpool track: bump stem+f2 by 1.75x vs Original.,0.674000;0.745700;0.737900;0.757800;0.767700;0.755800;0.768700;0.781400;0.786100;0.786100;0.783700;0.798900;0.794400;0.797500;0.806900,/workspace/LightM-UNet/upscale/results/pareto_e15/MU06_mu_stem_f2
MU07,mu_stem_f3,max_unpool,"28,64,128,224,64,28","4,8,8,2,1",max_unpool,721182,0.721182,0.8024,0.8024,0.025700000000000056,-0.01754285714285713,15,25.682,,0,max_unpool track: bump stem+f3 by 1.75x vs Original.,0.628200;0.713200;0.699600;0.748900;0.755200;0.781100;0.780100;0.776700;0.778300;0.783900;0.791500;0.798200;0.798600;0.802000;0.802400,/workspace/LightM-UNet/upscale/results/pareto_e15/MU07_mu_stem_f3
MU08,mu_flank_f2,max_unpool,"16,112,224,128,112,16","4,8,8,2,1",max_unpool,814353,0.814353,0.7966,0.8066,0.012399999999999967,-0.011642857142857146,15,28.545999999999996,,0,max_unpool track: bump flank+f2 by 1.75x vs Original.,0.690300;0.681200;0.732500;0.751500;0.768600;0.764900;0.784400;0.784200;0.773800;0.787200;0.792900;0.795300;0.801500;0.806600;0.796600,/workspace/LightM-UNet/upscale/results/pareto_e15/MU08_mu_flank_f2
MU09,mu_flank_f3,max_unpool,"16,112,128,224,112,16","4,8,8,2,1",max_unpool,806433,0.806433,0.8035,0.8035,0.03839999999999999,-0.012157142857142866,15,28.71333333333333,,0,max_unpool track: bump flank+f3 by 1.75x vs Original.,0.641600;0.727600;0.706400;0.760000;0.768600;0.760300;0.762600;0.765100;0.782800;0.770100;0.792900;0.791800;0.799300;0.797700;0.803500,/workspace/LightM-UNet/upscale/results/pareto_e15/MU09_mu_flank_f3
MU10,mu_f2_f3,max_unpool,"16,64,224,224,64,16","4,8,8,2,1",max_unpool,1018313,1.018313,0.802,0.802,0.022800000000000042,-0.011114285714285712,15,25.961999999999996,,0,max_unpool track: bump f2+f3 by 1.75x vs Original.,0.678600;0.714500;0.748600;0.752500;0.760900;0.764300;0.758900;0.779200;0.788800;0.793800;0.786600;0.794700;0.798700;0.794100;0.802000,/workspace/LightM-UNet/upscale/results/pareto_e15/MU10_mu_f2_f3
MU11,mu_stem_flank_f2,max_unpool,"28,112,224,128,112,28","4,8,8,2,1",max_unpool,818262,0.818262,0.8121,0.8121,0.02729999999999999,-0.015485714285714292,15,29.985999999999997,,0,max_unpool track: bump stem+flank+f2 by 1.75x vs Original.,0.649100;0.723400;0.749700;0.764800;0.761100;0.767600;0.780500;0.784800;0.803300;0.781300;0.791300;0.789000;0.790900;0.802800;0.812100,/workspace/LightM-UNet/upscale/results/pareto_e15/MU11_mu_stem_flank_f2
MU12,mu_stem_flank_f3,max_unpool,"28,112,128,224,112,28","4,8,8,2,1",max_unpool,810342,0.810342,0.8038,0.8038,0.03059999999999996,-0.01681428571428572,15,29.84866666666666,,0,max_unpool track: bump stem+flank+f3 by 1.75x vs Original.,0.624900;0.719000;0.735600;0.739300;0.766800;0.775600;0.767500;0.773200;0.783200;0.787700;0.797400;0.794000;0.798200;0.790500;0.803800,/workspace/LightM-UNet/upscale/results/pareto_e15/MU12_mu_stem_flank_f3
MU13,mu_stem_f2_f3,max_unpool,"28,64,224,224,64,28","4,8,8,2,1",max_unpool,1020926,1.020926,0.804,0.804,0.019100000000000006,-0.017371428571428576,15,27.39466666666666,,0,max_unpool track: bump stem+f2+f3 by 1.75x vs Original.,0.644200;0.714300;0.729500;0.747300;0.763000;0.785100;0.781800;0.784900;0.782600;0.789700;0.802900;0.798400;0.801500;0.801900;0.804000,/workspace/LightM-UNet/upscale/results/pareto_e15/MU13_mu_stem_f2_f3
MU14,mu_flank_f2_f3,max_unpool,"16,112,224,224,112,16","4,8,8,2,1",max_unpool,1110785,1.110785,0.8103,0.8151,0.023700000000000054,-0.009114285714285693,15,30.302000000000007,,0,max_unpool track: bump flank+f2+f3 by 1.75x vs Original.,0.699100;0.716800;0.739400;0.772500;0.768200;0.763400;0.773800;0.786600;0.789700;0.793100;0.807400;0.797800;0.806400;0.815100;0.810300,/workspace/LightM-UNet/upscale/results/pareto_e15/MU14_mu_flank_f2_f3
MU15,mu_stem_flank_f2_f3,max_unpool,"28,112,224,224,112,28","4,8,8,2,1",max_unpool,1114694,1.114694,0.8179,0.8179,0.037799999999999945,-0.007457142857142861,15,31.70266666666667,,0,max_unpool track: bump stem+flank+f2+f3 by 1.75x vs Original.,0.690100;0.704600;0.760700;0.763900;0.771400;0.780600;0.775500;0.780100;0.792900;0.800000;0.789400;0.799500;0.795700;0.814900;0.817900,/workspace/LightM-UNet/upscale/results/pareto_e15/MU15_mu_stem_flank_f2_f3
UC01,uc_fi,upsample_conv,"28,64,128,64,16","4,8,8,2,1",upsample_conv,370409,0.370409,0.8086,0.8086,0.02949999999999997,-0.007071428571428586,15,22.565333333333335,,0,upsample_conv track: bump fi by 1.75x vs Original.,0.700100;0.708000;0.738700;0.754700;0.757500;0.767600;0.774000;0.779100;0.787800;0.790500;0.783900;0.784300;0.803500;0.798600;0.808600,/workspace/LightM-UNet/upscale/results/pareto_e15/UC01_uc_fi
UC02,uc_f1,upsample_conv,"16,112,128,64,16","4,8,8,2,1",upsample_conv,420257,0.420257,0.8055,0.8055,0.025399999999999978,-0.009871428571428578,15,24.823999999999998,,0,upsample_conv track: bump f1 by 1.75x vs Original.,0.685600;0.734400;0.740500;0.748600;0.776400;0.759700;0.757400;0.780100;0.787500;0.795000;0.799500;0.802400;0.799900;0.804000;0.805500,/workspace/LightM-UNet/upscale/results/pareto_e15/UC02_uc_f1
UC03,uc_f23,upsample_conv,"16,64,224,64,16","4,8,8,2,1",upsample_conv,1018313,1.018313,0.7945,0.804,0.012499999999999956,-0.016928571428571435,15,26.118666666666666,,0,upsample_conv track: bump f23 by 1.75x vs Original.,0.651000;0.728800;0.745900;0.753500;0.760300;0.763000;0.781600;0.782000;0.789000;0.790400;0.791400;0.801700;0.798300;0.804000;0.794500,/workspace/LightM-UNet/upscale/results/pareto_e15/UC03_uc_f23
UC04,uc_f4,upsample_conv,"16,64,128,112,16","4,8,8,2,1",upsample_conv,400841,0.400841,0.7982,0.7982,0.02870000000000006,-0.010357142857142843,15,24.008666666666663,,0,upsample_conv track: bump f4 by 1.75x vs Original.,0.668300;0.710100;0.736500;0.748400;0.766900;0.771000;0.782500;0.769500;0.784500;0.788200;0.792700;0.795300;0.797900;0.795900;0.798200,/workspace/LightM-UNet/upscale/results/pareto_e15/UC04_uc_f4
UC05,uc_f5,upsample_conv,"16,64,128,64,28","4,8,8,2,1",upsample_conv,371198,0.371198,0.8122,0.8122,0.0383,-0.008100000000000012,15,22.377333333333333,,0,upsample_conv track: bump f5 by 1.75x vs Original.,0.678900;0.718100;0.762700;0.747900;0.754300;0.769800;0.787900;0.773900;0.795200;0.788400;0.791700;0.800800;0.783100;0.804300;0.812200,/workspace/LightM-UNet/upscale/results/pareto_e15/UC05_uc_f5
UC06,uc_fi_f1,upsample_conv,"28,112,128,64,16","4,8,8,2,1",upsample_conv,421745,0.421745,0.8003,0.808,0.012399999999999967,-0.010371428571428587,15,24.291999999999998,,0,upsample_conv track: bump fi+f1 by 1.75x vs Original.,0.702900;0.723900;0.746300;0.764200;0.765900;0.771000;0.774600;0.787900;0.793900;0.788600;0.782100;0.797000;0.801500;0.808000;0.800300,/workspace/LightM-UNet/upscale/results/pareto_e15/UC06_uc_fi_f1
UC07,uc_fi_f23,upsample_conv,"28,64,224,64,16","4,8,8,2,1",upsample_conv,1019225,1.019225,0.8044,0.8087,0.016000000000000014,-0.013128571428571427,15,25.552666666666667,,0,upsample_conv track: bump fi+f23 by 1.75x vs Original.,0.680500;0.722100;0.744700;0.747100;0.767100;0.774600;0.792600;0.788400;0.792100;0.794400;0.790800;0.805800;0.800900;0.808700;0.804400,/workspace/LightM-UNet/upscale/results/pareto_e15/UC07_uc_fi_f23
UC08,uc_fi_f4,upsample_conv,"28,64,128,112,16","4,8,8,2,1",upsample_conv,401753,0.401753,0.805,0.8129,0.028200000000000003,-0.00927142857142858,15,23.488,,0,upsample_conv track: bump fi+f4 by 1.75x vs Original.,0.683700;0.716400;0.739300;0.757700;0.763800;0.765600;0.767600;0.776800;0.783700;0.777800;0.791700;0.789500;0.793100;0.812900;0.805000,/workspace/LightM-UNet/upscale/results/pareto_e15/UC08_uc_fi_f4
UC09,uc_fi_f5,upsample_conv,"28,64,128,64,28","4,8,8,2,1",upsample_conv,372110,0.37211,0.8112,0.8112,0.036900000000000044,-0.008757142857142844,15,22.741333333333333,,0,upsample_conv track: bump fi+f5 by 1.75x vs Original.,0.676100;0.736200;0.732900;0.742000;0.742600;0.765000;0.785200;0.774300;0.787100;0.784100;0.794000;0.793500;0.799500;0.804900;0.811200,/workspace/LightM-UNet/upscale/results/pareto_e15/UC09_uc_fi_f5
UC10,uc_f1_f23,upsample_conv,"16,112,224,64,16","4,8,8,2,1",upsample_conv,1073681,1.073681,0.8079,0.8079,0.02169999999999994,-0.009557142857142866,15,27.958000000000006,,0,upsample_conv track: bump f1+f23 by 1.75x vs Original.,0.697600;0.739400;0.733400;0.759400;0.786300;0.771600;0.774200;0.786200;0.785100;0.789600;0.798800;0.802000;0.806300;0.802900;0.807900,/workspace/LightM-UNet/upscale/results/pareto_e15/UC10_uc_f1_f23
UC11,uc_f1_f4,upsample_conv,"16,112,128,112,16","4,8,8,2,1",upsample_conv,451601,0.451601,0.8083,0.8103,0.03849999999999998,-0.012671428571428587,15,25.844666666666665,,0,upsample_conv track: bump f1+f4 by 1.75x vs Original.,0.642600;0.732600;0.742800;0.756700;0.770700;0.763900;0.778300;0.769800;0.788700;0.784900;0.793000;0.796600;0.806300;0.810300;0.808300,/workspace/LightM-UNet/upscale/results/pareto_e15/UC11_uc_f1_f4
UC12,uc_f1_f5,upsample_conv,"16,112,128,64,28","4,8,8,2,1",upsample_conv,421958,0.421958,0.8048,0.8077,0.029799999999999938,-0.009300000000000006,15,24.827333333333335,,0,upsample_conv track: bump f1+f5 by 1.75x vs Original.,0.680100;0.735400;0.748800;0.753300;0.779700;0.765300;0.778700;0.775000;0.778900;0.776000;0.786700;0.794800;0.794600;0.807700;0.804800,/workspace/LightM-UNet/upscale/results/pareto_e15/UC12_uc_f1_f5
UC13,uc_f23_f4,upsample_conv,"16,64,224,112,16","4,8,8,2,1",upsample_conv,1055417,1.055417,0.8145,0.8145,0.04359999999999997,-0.006314285714285718,15,27.278000000000006,,0,upsample_conv track: bump f23+f4 by 1.75x vs Original.,0.683100;0.718900;0.746000;0.747000;0.769700;0.778300;0.786500;0.770900;0.787100;0.801200;0.790100;0.793900;0.804600;0.802100;0.814500,/workspace/LightM-UNet/upscale/results/pareto_e15/UC13_uc_f23_f4
UC14,uc_f23_f5,upsample_conv,"16,64,224,64,28","4,8,8,2,1",upsample_conv,1020014,1.020014,0.8117,0.8117,0.01739999999999997,-0.019157142857142855,15,26.233999999999995,,0,upsample_conv track: bump f23+f5 by 1.75x vs Original.,0.642800;0.698400;0.746900;0.751300;0.774100;0.780200;0.785400;0.794300;0.776600;0.805200;0.805200;0.791100;0.792300;0.805600;0.811700,/workspace/LightM-UNet/upscale/results/pareto_e15/UC14_uc_f23_f5
UC15,uc_f4_f5,upsample_conv,"16,64,128,112,28","4,8,8,2,1",upsample_conv,403262,0.403262,0.7993,0.809,0.012399999999999967,-0.013942857142857163,15,24.226,,0,upsample_conv track: bump f4+f5 by 1.75x vs Original.,0.676900;0.732900;0.739300;0.756600;0.775200;0.774700;0.765500;0.786900;0.785300;0.790200;0.798500;0.797000;0.806700;0.809000;0.799300,/workspace/LightM-UNet/upscale/results/pareto_e15/UC15_uc_f4_f5
