case_id,territory,pred_fg_px,leaked_px,territory_leakage_rate,n_components,mean_purity,area_weighted_purity,n_mixed_components,mixed_px_fraction,gt_components,pred_components,pred_noise_islands,component_ratio,branch_n_endpoints,branch_n_paths,branch_n_inconsistent_paths,branch_inconsistent_path_rate,branch_skipped
test_100,LAD_LCX,9923,0,0.0,5,1.0,1.0,0,0.0,2,5,0,2.5,12,0,0,,False
test_101,RCA,7161,0,0.0,1,1.0,1.0,0,0.0,1,1,0,1.0,0,0,0,,False
test_102,LAD_LCX,17734,0,0.0,4,1.0,1.0,0,0.0,1,4,0,4.0,12,0,0,,False
test_103,LAD_LCX,4571,0,0.0,4,1.0,1.0,0,0.0,1,4,0,4.0,11,0,0,,False
test_104,RCA,8707,0,0.0,1,1.0,1.0,0,0.0,1,1,0,1.0,0,0,0,,False
test_105,LAD_LCX,11596,0,0.0,5,1.0,1.0,0,0.0,1,5,1,5.0,12,0,0,,False
test_106,LAD_LCX,11162,0,0.0,3,1.0,1.0,0,0.0,2,3,0,1.5,11,0,0,,False
test_107,LAD_LCX,1947,0,0.0,1,1.0,1.0,0,0.0,2,1,0,0.5,4,0,0,,False
test_108,LAD_LCX,5783,0,0.0,2,1.0,1.0,0,0.0,1,2,0,2.0,7,0,0,,False
test_109,LAD_LCX,4421,0,0.0,4,1.0,1.0,0,0.0,1,4,1,4.0,9,0,0,,False
test_10,LAD_LCX,12565,0,0.0,4,1.0,1.0,0,0.0,1,4,0,4.0,13,0,0,,False
test_110,LAD_LCX,6021,0,0.0,5,1.0,1.0,0,0.0,1,5,0,5.0,10,0,0,,False
test_111,LAD_LCX,4059,0,0.0,4,1.0,1.0,0,0.0,2,4,0,2.0,10,0,0,,False
test_112,RCA,7714,0,0.0,4,1.0,1.0,0,0.0,1,4,0,4.0,0,0,0,,False
test_113,LAD_LCX,5326,0,0.0,3,1.0,1.0,0,0.0,2,3,0,1.5,10,0,0,,False
test_114,RCA,5645,22,0.0038972542072630645,9,1.0,1.0,0,0.0,1,9,0,9.0,3,0,0,,False
test_115,LAD_LCX,5587,0,0.0,4,1.0,1.0,0,0.0,1,4,0,4.0,11,0,0,,False
test_116,LAD_LCX,2915,0,0.0,6,1.0,1.0,0,0.0,1,6,0,6.0,12,0,0,,False
test_117,LAD_LCX,8046,0,0.0,2,1.0,1.0,0,0.0,1,2,0,2.0,6,0,0,,False
test_118,LAD_LCX,3004,0,0.0,3,1.0,1.0,0,0.0,2,3,0,1.5,8,0,0,,False
test_119,RCA,5805,0,0.0,2,1.0,1.0,0,0.0,1,2,0,2.0,0,0,0,,False
test_11,LAD_LCX,10061,0,0.0,3,1.0,1.0,0,0.0,1,3,0,3.0,7,0,0,,False
test_120,LAD_LCX,4229,0,0.0,3,1.0,1.0,0,0.0,1,3,0,3.0,9,0,0,,False
test_121,RCA,6022,0,0.0,5,1.0,1.0,0,0.0,1,5,0,5.0,0,0,0,,False
test_122,RCA,2909,0,0.0,1,1.0,1.0,0,0.0,1,1,0,1.0,0,0,0,,False
test_123,LAD_LCX,4583,0,0.0,4,1.0,1.0,0,0.0,1,4,0,4.0,16,0,0,,False
test_124,LAD_LCX,8574,0,0.0,2,1.0,1.0,0,0.0,2,2,0,1.0,8,0,0,,False
test_125,LAD_LCX,3849,0,0.0,4,1.0,1.0,0,0.0,1,4,0,4.0,11,0,0,,False
test_126,RCA,16038,0,0.0,1,1.0,1.0,0,0.0,1,1,0,1.0,0,0,0,,False
test_127,RCA,8962,0,0.0,2,1.0,1.0,0,0.0,1,2,0,2.0,0,0,0,,False
test_128,LAD_LCX,5403,0,0.0,11,1.0,1.0,0,0.0,1,11,0,11.0,22,0,0,,False
test_129,LAD_LCX,2772,0,0.0,4,1.0,1.0,0,0.0,1,4,0,4.0,8,0,0,,False
test_12,LAD_LCX,2252,0,0.0,3,1.0,1.0,0,0.0,2,3,0,1.5,6,0,0,,False
test_130,RCA,15262,0,0.0,5,1.0,1.0,0,0.0,1,5,0,5.0,0,0,0,,False
test_131,LAD_LCX,8045,0,0.0,4,1.0,1.0,0,0.0,1,4,0,4.0,13,0,0,,False
test_132,LAD_LCX,6720,0,0.0,6,1.0,1.0,0,0.0,1,6,0,6.0,15,0,0,,False
test_133,LAD_LCX,10853,0,0.0,8,1.0,1.0,0,0.0,1,8,0,8.0,21,0,0,,False
test_134,LAD_LCX,9112,0,0.0,5,1.0,1.0,0,0.0,1,5,0,5.0,12,0,0,,False
test_135,LAD_LCX,4966,0,0.0,2,1.0,1.0,0,0.0,1,2,0,2.0,5,0,0,,False
test_136,RCA,5549,0,0.0,2,1.0,1.0,0,0.0,1,2,0,2.0,0,0,0,,False
test_137,LAD_LCX,11503,0,0.0,5,1.0,1.0,0,0.0,1,5,0,5.0,13,0,0,,False
test_138,RCA,5603,120,0.021417097983223273,4,1.0,1.0,0,0.0,1,4,0,4.0,2,0,0,,False
test_139,RCA,5889,0,0.0,1,1.0,1.0,0,0.0,1,1,0,1.0,0,0,0,,False
test_13,RCA,8585,0,0.0,1,1.0,1.0,0,0.0,2,1,0,0.5,0,0,0,,False
test_140,RCA,2776,0,0.0,3,1.0,1.0,0,0.0,1,3,0,3.0,0,0,0,,False
test_141,LAD_LCX,8646,0,0.0,4,1.0,1.0,0,0.0,2,4,0,2.0,11,0,0,,False
test_142,LAD_LCX,3652,0,0.0,3,1.0,1.0,0,0.0,1,3,0,3.0,9,0,0,,False
test_143,RCA,10027,1267,0.12635883115587912,2,0.9368142828645522,0.8736411688441209,1,0.999900269272963,2,2,1,1.0,2,0,0,,False
test_144,RCA,9751,0,0.0,1,1.0,1.0,0,0.0,1,1,0,1.0,0,0,0,,False
test_145,LAD_LCX,6138,0,0.0,6,1.0,1.0,0,0.0,1,6,0,6.0,14,0,0,,False
test_146,LAD_LCX,7956,0,0.0,4,1.0,1.0,0,0.0,1,4,0,4.0,12,0,0,,False
test_147,LAD_LCX,9819,0,0.0,6,1.0,1.0,0,0.0,1,6,0,6.0,15,0,0,,False
test_148,LAD_LCX,5063,0,0.0,3,1.0,1.0,0,0.0,2,3,0,1.5,6,0,0,,False
test_149,RCA,8978,0,0.0,4,1.0,1.0,0,0.0,1,4,0,4.0,0,0,0,,False
test_14,LAD_LCX,6738,0,0.0,7,1.0,1.0,0,0.0,2,7,0,3.5,16,0,0,,False
test_150,RCA,16343,0,0.0,1,1.0,1.0,0,0.0,1,1,0,1.0,0,0,0,,False
test_151,RCA,11784,0,0.0,4,1.0,1.0,0,0.0,2,4,0,2.0,0,0,0,,False
test_152,LAD_LCX,5525,0,0.0,1,1.0,1.0,0,0.0,1,1,0,1.0,3,0,0,,False
test_153,LAD_LCX,4652,0,0.0,2,1.0,1.0,0,0.0,2,2,0,1.0,4,0,0,,False
test_154,RCA,7507,0,0.0,1,1.0,1.0,0,0.0,1,1,0,1.0,0,0,0,,False
test_155,RCA,7806,0,0.0,6,1.0,1.0,0,0.0,1,6,0,6.0,0,0,0,,False
test_156,RCA,10909,0,0.0,1,1.0,1.0,0,0.0,1,1,0,1.0,0,0,0,,False
test_157,LAD_LCX,9803,0,0.0,5,1.0,1.0,0,0.0,2,5,0,2.5,16,0,0,,False
test_158,LAD_LCX,6565,0,0.0,4,1.0,1.0,0,0.0,1,4,0,4.0,8,0,0,,False
test_159,LAD_LCX,7873,0,0.0,3,1.0,1.0,0,0.0,1,3,0,3.0,8,0,0,,False
test_15,LAD_LCX,4210,0,0.0,7,1.0,1.0,0,0.0,1,7,0,7.0,12,0,0,,False
test_160,LAD_LCX,5963,0,0.0,4,1.0,1.0,0,0.0,1,4,0,4.0,10,0,0,,False
test_161,LAD_LCX,6822,0,0.0,2,1.0,1.0,0,0.0,1,2,0,2.0,8,0,0,,False
test_162,LAD_LCX,7748,0,0.0,5,1.0,1.0,0,0.0,2,5,0,2.5,14,0,0,,False
test_163,LAD_LCX,8795,0,0.0,6,1.0,1.0,0,0.0,1,6,0,6.0,15,0,0,,False
test_164,LAD_LCX,5383,0,0.0,5,1.0,1.0,0,0.0,1,5,0,5.0,12,0,0,,False
test_165,RCA,7435,0,0.0,6,1.0,1.0,0,0.0,1,6,0,6.0,0,0,0,,False
test_166,LAD_LCX,9322,0,0.0,6,1.0,1.0,0,0.0,1,6,0,6.0,17,0,0,,False
test_167,RCA,13646,0,0.0,3,1.0,1.0,0,0.0,1,3,0,3.0,0,0,0,,False
test_168,LAD_LCX,5648,0,0.0,3,1.0,1.0,0,0.0,2,3,0,1.5,10,0,0,,False
test_169,LAD_LCX,5971,0,0.0,2,1.0,1.0,0,0.0,1,2,0,2.0,5,0,0,,False
test_16,LAD_LCX,4845,0,0.0,2,1.0,1.0,0,0.0,1,2,0,2.0,6,0,0,,False
test_170,LAD_LCX,7409,0,0.0,4,1.0,1.0,0,0.0,1,4,0,4.0,11,0,0,,False
test_171,LAD_LCX,8373,0,0.0,4,1.0,1.0,0,0.0,1,4,1,4.0,10,0,0,,False
test_172,RCA,8627,0,0.0,3,1.0,1.0,0,0.0,1,3,0,3.0,0,0,0,,False
test_173,LAD_LCX,7320,0,0.0,2,1.0,1.0,0,0.0,1,2,0,2.0,6,0,0,,False
test_174,RCA,16693,0,0.0,4,1.0,1.0,0,0.0,1,4,0,4.0,0,0,0,,False
test_175,LAD_LCX,8915,0,0.0,4,1.0,1.0,0,0.0,2,4,0,2.0,12,0,0,,False
test_176,LAD_LCX,10657,0,0.0,5,1.0,1.0,0,0.0,1,5,0,5.0,16,0,0,,False
test_177,LAD_LCX,6739,0,0.0,4,1.0,1.0,0,0.0,1,4,0,4.0,9,0,0,,False
test_178,LAD_LCX,2481,0,0.0,6,1.0,1.0,0,0.0,1,6,0,6.0,12,0,0,,False
test_179,LAD_LCX,4116,0,0.0,5,1.0,1.0,0,0.0,1,5,0,5.0,12,0,0,,False
test_17,LAD_LCX,5741,0,0.0,5,1.0,1.0,0,0.0,1,5,0,5.0,12,0,0,,False
test_180,LAD_LCX,3545,0,0.0,5,1.0,1.0,0,0.0,2,5,0,2.5,12,0,0,,False
test_181,LAD_LCX,11792,0,0.0,7,0.9488550273020956,0.84828697421981,1,0.4237618724559023,2,7,0,3.5,20,4,0,0.0,False
test_182,LAD_LCX,3057,0,0.0,5,1.0,1.0,0,0.0,1,5,0,5.0,11,0,0,,False
test_183,LAD_LCX,9763,0,0.0,7,0.9930691454664057,0.9825873194714739,1,0.3589060739526785,2,7,0,3.5,17,3,0,0.0,False
test_184,LAD_LCX,9272,0,0.0,2,1.0,1.0,0,0.0,1,2,0,2.0,5,0,0,,False
test_185,LAD_LCX,6633,0,0.0,2,1.0,1.0,0,0.0,1,2,0,2.0,4,0,0,,False
test_186,LAD_LCX,5544,0,0.0,3,1.0,1.0,0,0.0,1,3,0,3.0,8,0,0,,False
test_187,LAD_LCX,3947,0,0.0,4,1.0,1.0,0,0.0,1,4,0,4.0,9,0,0,,False
test_188,LAD_LCX,8339,0,0.0,8,1.0,1.0,0,0.0,2,8,0,4.0,20,0,0,,False
test_189,LAD_LCX,7327,0,0.0,5,1.0,1.0,0,0.0,1,5,0,5.0,14,0,0,,False
test_18,LAD_LCX,6443,0,0.0,4,1.0,1.0,0,0.0,1,4,0,4.0,8,0,0,,False
test_190,LAD_LCX,6675,0,0.0,2,1.0,1.0,0,0.0,1,2,0,2.0,6,0,0,,False
test_191,LAD_LCX,5492,0,0.0,3,1.0,1.0,0,0.0,1,3,0,3.0,7,0,0,,False
test_192,LAD_LCX,6667,0,0.0,4,1.0,1.0,0,0.0,1,4,0,4.0,10,0,0,,False
test_193,RCA,6061,0,0.0,3,1.0,1.0,0,0.0,1,3,0,3.0,0,0,0,,False
test_194,LAD_LCX,7300,0,0.0,4,1.0,1.0,0,0.0,1,4,0,4.0,12,0,0,,False
test_195,RCA,11993,0,0.0,2,1.0,1.0,0,0.0,1,2,0,2.0,0,0,0,,False
test_196,RCA,14861,0,0.0,4,1.0,1.0,0,0.0,1,4,0,4.0,0,0,0,,False
test_197,RCA,5455,0,0.0,3,1.0,1.0,0,0.0,1,3,1,3.0,0,0,0,,False
test_198,LAD_LCX,5899,0,0.0,3,1.0,1.0,0,0.0,1,3,0,3.0,12,0,0,,False
test_199,LAD_LCX,8442,0,0.0,3,1.0,1.0,0,0.0,1,3,0,3.0,11,0,0,,False
test_19,LAD_LCX,7247,0,0.0,6,0.9486928104575164,0.978335863115772,1,0.07037394784048571,2,6,0,3.0,12,0,0,,False
test_1,LAD_LCX,6668,0,0.0,6,1.0,1.0,0,0.0,1,6,0,6.0,16,0,0,,False
test_200,LAD_LCX,9883,0,0.0,5,1.0,1.0,0,0.0,1,5,0,5.0,13,0,0,,False
test_201,LAD_LCX,5855,0,0.0,3,1.0,1.0,0,0.0,2,3,0,1.5,8,0,0,,False
test_202,LAD_LCX,8058,0,0.0,4,1.0,1.0,0,0.0,1,4,0,4.0,12,0,0,,False
test_203,RCA,8843,0,0.0,1,1.0,1.0,0,0.0,1,1,0,1.0,0,0,0,,False
test_204,RCA,12429,0,0.0,3,1.0,1.0,0,0.0,1,3,0,3.0,0,0,0,,False
test_205,LAD_LCX,6927,0,0.0,8,1.0,1.0,0,0.0,1,8,0,8.0,16,0,0,,False
test_206,RCA,6831,0,0.0,4,1.0,1.0,0,0.0,1,4,0,4.0,0,0,0,,False
test_207,LAD_LCX,4200,0,0.0,5,1.0,1.0,0,0.0,1,5,0,5.0,11,0,0,,False
test_208,LAD_LCX,12411,0,0.0,7,1.0,1.0,0,0.0,1,7,0,7.0,18,0,0,,False
test_209,RCA,10368,0,0.0,3,1.0,1.0,0,0.0,1,3,0,3.0,0,0,0,,False
test_20,RCA,9202,0,0.0,3,1.0,1.0,0,0.0,1,3,0,3.0,0,0,0,,False
test_210,LAD_LCX,5903,0,0.0,6,1.0,1.0,0,0.0,1,6,0,6.0,13,0,0,,False
test_211,LAD_LCX,10618,0,0.0,7,1.0,1.0,0,0.0,1,7,0,7.0,16,0,0,,False
test_212,LAD_LCX,5377,0,0.0,1,1.0,1.0,0,0.0,1,1,0,1.0,2,0,0,,False
test_213,LAD_LCX,4602,0,0.0,5,1.0,1.0,0,0.0,1,5,0,5.0,13,0,0,,False
test_214,LAD_LCX,12188,0,0.0,4,1.0,1.0,0,0.0,1,4,0,4.0,13,0,0,,False
test_215,LAD_LCX,5003,0,0.0,4,1.0,1.0,0,0.0,1,4,0,4.0,12,0,0,,False
test_216,RCA,9180,0,0.0,4,1.0,1.0,0,0.0,1,4,0,4.0,0,0,0,,False
test_217,RCA,11635,0,0.0,7,1.0,1.0,0,0.0,2,7,0,3.5,0,0,0,,False
test_218,LAD_LCX,8856,0,0.0,4,1.0,1.0,0,0.0,1,4,0,4.0,10,0,0,,False
test_219,LAD_LCX,7913,0,0.0,3,1.0,1.0,0,0.0,1,3,0,3.0,7,0,0,,False
test_21,LAD_LCX,8403,0,0.0,11,1.0,1.0,0,0.0,1,11,0,11.0,25,0,0,,False
test_220,LAD_LCX,11870,0,0.0,5,1.0,1.0,0,0.0,1,5,0,5.0,14,0,0,,False
test_221,RCA,13481,0,0.0,3,1.0,1.0,0,0.0,1,3,0,3.0,0,0,0,,False
test_222,LAD_LCX,7435,0,0.0,5,1.0,1.0,0,0.0,2,5,0,2.5,12,0,0,,False
test_223,LAD_LCX,10216,0,0.0,8,1.0,1.0,0,0.0,2,8,0,4.0,21,0,0,,False
test_224,LAD_LCX,11592,0,0.0,6,1.0,1.0,0,0.0,1,6,0,6.0,15,0,0,,False
test_225,LAD_LCX,7912,0,0.0,4,1.0,1.0,0,0.0,1,4,0,4.0,10,0,0,,False
test_226,LAD_LCX,7438,0,0.0,2,1.0,1.0,0,0.0,2,2,0,1.0,7,0,0,,False
test_227,RCA,15598,0,0.0,3,1.0,1.0,0,0.0,1,3,0,3.0,0,0,0,,False
test_228,RCA,6751,0,0.0,3,1.0,1.0,0,0.0,1,3,0,3.0,0,0,0,,False
test_229,LAD_LCX,8348,0,0.0,4,1.0,1.0,0,0.0,2,4,0,2.0,12,0,0,,False
test_22,RCA,9721,0,0.0,6,1.0,1.0,0,0.0,1,6,0,6.0,0,0,0,,False
test_230,RCA,7967,0,0.0,2,1.0,1.0,0,0.0,1,2,0,2.0,0,0,0,,False
test_231,LAD_LCX,9494,0,0.0,6,1.0,1.0,0,0.0,2,6,0,3.0,17,0,0,,False
test_232,RCA,4972,0,0.0,8,1.0,1.0,0,0.0,1,8,0,8.0,0,0,0,,False
test_233,LAD_LCX,9736,0,0.0,4,1.0,1.0,0,0.0,1,4,0,4.0,12,0,0,,False
test_234,LAD_LCX,9859,0,0.0,8,0.9924568965517242,0.9992899888426818,1,0.01176589917841566,2,8,0,4.0,20,1,0,0.0,False
test_235,LAD_LCX,7243,0,0.0,1,1.0,1.0,0,0.0,1,1,0,1.0,3,0,0,,False
test_236,RCA,8530,0,0.0,2,1.0,1.0,0,0.0,1,2,0,2.0,0,0,0,,False
test_237,LAD_LCX,7455,0,0.0,4,1.0,1.0,0,0.0,1,4,0,4.0,14,0,0,,False
test_238,LAD_LCX,4233,0,0.0,5,1.0,1.0,0,0.0,2,5,0,2.5,12,0,0,,False
test_239,LAD_LCX,4819,0,0.0,4,1.0,1.0,0,0.0,1,4,0,4.0,11,0,0,,False
test_23,LAD_LCX,4676,0,0.0,6,0.9671273522292495,0.8199315654405475,1,0.9129597946963216,1,6,1,6.0,16,8,0,0.0,False
test_240,LAD_LCX,14891,0,0.0,9,1.0,1.0,0,0.0,2,9,0,4.5,21,0,0,,False
test_241,LAD_LCX,6559,0,0.0,3,0.8710888610763453,0.9528891599329166,1,0.12181735020582406,2,3,0,1.5,8,2,0,0.0,False
test_242,LAD_LCX,8567,0,0.0,8,0.9665442918048318,0.8021477763511148,1,0.7392319365005253,2,8,1,4.0,20,4,0,0.0,False
test_243,LAD_LCX,7203,0,0.0,4,1.0,1.0,0,0.0,1,4,0,4.0,13,0,0,,False
test_244,LAD_LCX,2336,0,0.0,6,1.0,1.0,0,0.0,1,6,0,6.0,12,0,0,,False
test_245,LAD_LCX,1785,0,0.0,3,1.0,1.0,0,0.0,1,3,0,3.0,7,0,0,,False
test_246,LAD_LCX,9448,0,0.0,4,1.0,1.0,0,0.0,2,4,0,2.0,16,0,0,,False
test_247,LAD_LCX,7474,0,0.0,2,1.0,1.0,0,0.0,1,2,0,2.0,6,0,0,,False
test_248,RCA,8695,0,0.0,3,1.0,1.0,0,0.0,1,3,0,3.0,0,0,0,,False
test_249,RCA,7680,0,0.0,1,1.0,1.0,0,0.0,1,1,0,1.0,0,0,0,,False
test_24,LAD_LCX,5246,0,0.0,10,0.9711509327792929,0.8715211589782692,2,0.6347693480747236,2,10,0,5.0,24,7,0,0.0,False
test_250,LAD_LCX,7316,0,0.0,3,1.0,1.0,0,0.0,1,3,0,3.0,8,0,0,,False
test_251,RCA,6355,0,0.0,1,1.0,1.0,0,0.0,1,1,0,1.0,0,0,0,,False
test_252,LAD_LCX,3480,3480,1.0,4,1.0,1.0,0,0.0,2,4,0,2.0,0,0,0,,False
test_253,LAD_LCX,3730,0,0.0,11,1.0,1.0,0,0.0,1,11,0,11.0,24,0,0,,False
test_254,LAD_LCX,10747,0,0.0,1,1.0,1.0,0,0.0,1,1,0,1.0,3,0,0,,False
test_255,LAD_LCX,7674,0,0.0,2,1.0,1.0,0,0.0,1,2,0,2.0,6,0,0,,False
test_256,RCA,5455,0,0.0,2,1.0,1.0,0,0.0,1,2,0,2.0,0,0,0,,False
test_257,RCA,5585,0,0.0,4,1.0,1.0,0,0.0,1,4,0,4.0,0,0,0,,False
test_258,LAD_LCX,10262,0,0.0,7,0.9994239631336406,0.9999025531085558,1,0.024166829078152405,1,7,0,7.0,16,0,0,,False
test_259,RCA,6272,0,0.0,2,1.0,1.0,0,0.0,1,2,0,2.0,0,0,0,,False
test_25,RCA,8756,0,0.0,5,1.0,1.0,0,0.0,1,5,0,5.0,0,0,0,,False
test_260,RCA,9619,0,0.0,2,1.0,1.0,0,0.0,1,2,0,2.0,0,0,0,,False
test_261,RCA,6301,0,0.0,3,1.0,1.0,0,0.0,1,3,0,3.0,0,0,0,,False
test_262,RCA,6054,0,0.0,8,1.0,1.0,0,0.0,1,8,0,8.0,0,0,0,,False
test_263,RCA,8351,0,0.0,4,1.0,1.0,0,0.0,1,4,0,4.0,0,0,0,,False
test_264,RCA,10997,0,0.0,1,1.0,1.0,0,0.0,1,1,0,1.0,0,0,0,,False
test_265,RCA,6628,0,0.0,1,1.0,1.0,0,0.0,1,1,0,1.0,0,0,0,,False
test_266,LAD_LCX,3325,0,0.0,3,1.0,1.0,0,0.0,1,3,0,3.0,7,0,0,,False
test_267,RCA,2551,0,0.0,2,1.0,1.0,0,0.0,1,2,0,2.0,0,0,0,,False
test_268,RCA,5650,0,0.0,3,1.0,1.0,0,0.0,1,3,0,3.0,0,0,0,,False
test_269,RCA,5936,0,0.0,6,1.0,1.0,0,0.0,1,6,0,6.0,0,0,0,,False
test_26,RCA,4333,0,0.0,1,1.0,1.0,0,0.0,1,1,0,1.0,0,0,0,,False
test_270,RCA,11190,0,0.0,3,1.0,1.0,0,0.0,1,3,0,3.0,0,0,0,,False
test_271,RCA,6191,0,0.0,2,1.0,1.0,0,0.0,1,2,0,2.0,0,0,0,,False
test_272,LAD_LCX,2450,0,0.0,1,0.9546938775510204,0.9546938775510204,1,1.0,1,1,0,1.0,3,2,0,0.0,False
test_273,LAD_LCX,3682,0,0.0,4,0.943126022913257,0.8867463335143944,1,0.49782726778924496,2,4,0,2.0,10,4,0,0.0,False
test_274,RCA,8065,0,0.0,3,1.0,1.0,0,0.0,1,3,0,3.0,0,0,0,,False
test_275,RCA,6163,0,0.0,2,1.0,1.0,0,0.0,1,2,0,2.0,0,0,0,,False
test_276,LAD_LCX,7375,0,0.0,2,1.0,1.0,0,0.0,1,2,0,2.0,8,0,0,,False
test_277,LAD_LCX,9255,0,0.0,4,1.0,1.0,0,0.0,1,4,0,4.0,10,0,0,,False
test_278,LAD_LCX,8484,0,0.0,7,1.0,1.0,0,0.0,2,7,0,3.5,18,0,0,,False
test_279,LAD_LCX,9532,0,0.0,2,1.0,1.0,0,0.0,2,2,0,1.0,8,0,0,,False
test_27,LAD_LCX,6610,0,0.0,5,1.0,1.0,0,0.0,1,5,0,5.0,14,0,0,,False
test_280,RCA,7388,0,0.0,1,1.0,1.0,0,0.0,1,1,0,1.0,0,0,0,,False
test_281,LAD_LCX,5502,0,0.0,10,1.0,1.0,0,0.0,1,10,0,10.0,22,0,0,,False
test_282,LAD_LCX,6900,0,0.0,6,1.0,1.0,0,0.0,1,6,0,6.0,15,0,0,,False
test_283,RCA,15153,0,0.0,4,1.0,1.0,0,0.0,1,4,0,4.0,0,0,0,,False
test_284,RCA,6727,0,0.0,3,1.0,1.0,0,0.0,1,3,0,3.0,0,0,0,,False
test_285,LAD_LCX,13872,0,0.0,7,1.0,1.0,0,0.0,1,7,0,7.0,18,0,0,,False
test_286,LAD_LCX,3505,0,0.0,8,1.0,1.0,0,0.0,1,8,0,8.0,16,0,0,,False
test_287,RCA,5179,0,0.0,1,1.0,1.0,0,0.0,1,1,0,1.0,0,0,0,,False
test_288,LAD_LCX,3336,0,0.0,5,0.962156862745098,0.9421462829736211,1,0.3057553956834532,2,5,0,2.5,13,1,0,0.0,False
test_289,LAD_LCX,4956,0,0.0,8,1.0,1.0,0,0.0,1,8,0,8.0,17,0,0,,False
test_28,LAD_LCX,4410,137,0.03106575963718821,8,1.0,1.0,0,0.0,2,8,1,4.0,13,0,0,,False
test_290,RCA,7222,0,0.0,5,1.0,1.0,0,0.0,1,5,0,5.0,0,0,0,,False
test_291,LAD_LCX,9070,0,0.0,3,1.0,1.0,0,0.0,1,3,1,3.0,8,0,0,,False
test_292,RCA,10584,0,0.0,4,1.0,1.0,0,0.0,1,4,0,4.0,0,0,0,,False
test_293,LAD_LCX,8103,0,0.0,3,1.0,1.0,0,0.0,1,3,0,3.0,8,0,0,,False
test_294,RCA,8939,0,0.0,2,1.0,1.0,0,0.0,1,2,0,2.0,0,0,0,,False
test_295,LAD_LCX,10729,0,0.0,2,1.0,1.0,0,0.0,1,2,0,2.0,7,0,0,,False
test_296,LAD_LCX,6413,0,0.0,4,1.0,1.0,0,0.0,2,4,0,2.0,13,0,0,,False
test_297,RCA,11631,0,0.0,2,1.0,1.0,0,0.0,1,2,0,2.0,0,0,0,,False
test_298,LAD_LCX,2912,0,0.0,5,1.0,1.0,0,0.0,2,5,0,2.5,14,0,0,,False
test_299,LAD_LCX,4755,0,0.0,2,1.0,1.0,0,0.0,1,2,0,2.0,7,0,0,,False
test_29,RCA,7162,0,0.0,3,1.0,1.0,0,0.0,1,3,0,3.0,0,0,0,,False
test_2,LAD_LCX,8102,0,0.0,5,1.0,1.0,0,0.0,1,5,0,5.0,13,0,0,,False
test_300,RCA,6281,0,0.0,3,1.0,1.0,0,0.0,1,3,0,3.0,0,0,0,,False
test_30,RCA,7396,483,0.06530557057869119,4,1.0,1.0,0,0.0,1,4,0,4.0,7,0,0,,False
test_31,LAD_LCX,8300,0,0.0,4,1.0,1.0,0,0.0,2,4,0,2.0,10,0,0,,False
test_32,LAD_LCX,9826,0,0.0,8,1.0,1.0,0,0.0,1,8,0,8.0,20,0,0,,False
test_33,LAD_LCX,3286,0,0.0,3,1.0,1.0,0,0.0,1,3,0,3.0,7,0,0,,False
test_34,RCA,5116,0,0.0,1,1.0,1.0,0,0.0,1,1,0,1.0,0,0,0,,False
test_35,LAD_LCX,7346,0,0.0,4,1.0,1.0,0,0.0,1,4,1,4.0,9,0,0,,False
test_36,RCA,7136,0,0.0,6,1.0,1.0,0,0.0,1,6,0,6.0,0,0,0,,False
test_37,LAD_LCX,7971,0,0.0,3,1.0,1.0,0,0.0,1,3,0,3.0,11,0,0,,False
test_38,LAD_LCX,8895,0,0.0,6,1.0,1.0,0,0.0,2,6,0,3.0,13,0,0,,False
test_39,RCA,7757,0,0.0,1,1.0,1.0,0,0.0,2,1,0,0.5,0,0,0,,False
test_3,LAD_LCX,9766,0,0.0,2,0.9459669079627715,0.8929961089494164,1,0.9901699774728651,2,2,0,1.0,13,18,0,0.0,False
test_40,LAD_LCX,10003,0,0.0,7,1.0,1.0,0,0.0,1,7,2,7.0,13,0,0,,False
test_41,RCA,6635,0,0.0,2,1.0,1.0,0,0.0,1,2,0,2.0,0,0,0,,False
test_42,LAD_LCX,4423,0,0.0,2,1.0,1.0,0,0.0,2,2,0,1.0,6,0,0,,False
test_43,LAD_LCX,14528,0,0.0,7,1.0,1.0,0,0.0,2,7,0,3.5,19,0,0,,False
test_44,LAD_LCX,3368,0,0.0,1,1.0,1.0,0,0.0,1,1,0,1.0,3,0,0,,False
test_45,RCA,8539,0,0.0,2,1.0,1.0,0,0.0,1,2,0,2.0,0,0,0,,False
test_46,LAD_LCX,9770,0,0.0,7,1.0,1.0,0,0.0,1,7,0,7.0,17,0,0,,False
test_47,RCA,15739,145,0.009212783531355233,6,0.9874000695168578,0.9907872164686448,1,0.12186288836647817,2,6,0,3.0,2,0,0,,False
test_48,LAD_LCX,7149,0,0.0,3,1.0,1.0,0,0.0,1,3,0,3.0,8,0,0,,False
test_49,LAD_LCX,6812,0,0.0,6,1.0,1.0,0,0.0,1,6,0,6.0,15,0,0,,False
test_4,LAD_LCX,5560,0,0.0,6,1.0,1.0,0,0.0,3,6,0,2.0,14,0,0,,False
test_50,LAD_LCX,3961,0,0.0,6,1.0,1.0,0,0.0,1,6,0,6.0,14,0,0,,False
test_51,LAD_LCX,8857,0,0.0,5,1.0,1.0,0,0.0,2,5,0,2.5,13,0,0,,False
test_52,RCA,9033,0,0.0,2,1.0,1.0,0,0.0,1,2,0,2.0,0,0,0,,False
test_53,RCA,10077,0,0.0,2,1.0,1.0,0,0.0,1,2,0,2.0,0,0,0,,False
test_54,LAD_LCX,9565,0,0.0,2,1.0,1.0,0,0.0,1,2,0,2.0,8,0,0,,False
test_55,RCA,4313,0,0.0,5,1.0,1.0,0,0.0,1,5,0,5.0,0,0,0,,False
test_56,LAD_LCX,8329,0,0.0,4,1.0,1.0,0,0.0,2,4,0,2.0,15,0,0,,False
test_57,LAD_LCX,5751,0,0.0,5,1.0,1.0,0,0.0,1,5,0,5.0,11,0,0,,False
test_58,LAD_LCX,8022,0,0.0,3,1.0,1.0,0,0.0,1,3,0,3.0,12,0,0,,False
test_59,RCA,12962,0,0.0,4,1.0,1.0,0,0.0,2,4,0,2.0,0,0,0,,False
test_5,RCA,7788,0,0.0,7,1.0,1.0,0,0.0,1,7,0,7.0,0,0,0,,False
test_60,RCA,8277,0,0.0,2,1.0,1.0,0,0.0,1,2,0,2.0,0,0,0,,False
test_61,LAD_LCX,4992,0,0.0,1,1.0,1.0,0,0.0,1,1,0,1.0,3,0,0,,False
test_62,LAD_LCX,7040,5027,0.7140625,7,0.9288849459694315,0.7686079545454545,2,0.9448863636363637,1,7,2,7.0,14,0,0,,False
test_63,LAD_LCX,7347,0,0.0,3,1.0,1.0,0,0.0,1,3,0,3.0,11,0,0,,False
test_64,LAD_LCX,5886,0,0.0,4,1.0,1.0,0,0.0,1,4,0,4.0,9,0,0,,False
test_65,LAD_LCX,9634,0,0.0,3,1.0,1.0,0,0.0,1,3,0,3.0,8,0,0,,False
test_66,LAD_LCX,7033,0,0.0,3,1.0,1.0,0,0.0,1,3,0,3.0,11,0,0,,False
test_67,LAD_LCX,4414,0,0.0,4,1.0,1.0,0,0.0,2,4,0,2.0,12,0,0,,False
test_68,LAD_LCX,5841,0,0.0,4,1.0,1.0,0,0.0,1,4,1,4.0,7,0,0,,False
test_69,LAD_LCX,4038,0,0.0,4,1.0,1.0,0,0.0,2,4,0,2.0,8,0,0,,False
test_6,LAD_LCX,12976,0,0.0,8,1.0,1.0,0,0.0,2,8,1,4.0,18,0,0,,False
test_70,RCA,3516,0,0.0,3,1.0,1.0,0,0.0,1,3,0,3.0,0,0,0,,False
test_71,RCA,6584,0,0.0,1,1.0,1.0,0,0.0,1,1,0,1.0,0,0,0,,False
test_72,LAD_LCX,636,0,0.0,2,1.0,1.0,0,0.0,2,2,0,1.0,4,0,0,,False
test_73,LAD_LCX,8797,0,0.0,4,1.0,1.0,0,0.0,2,4,0,2.0,9,0,0,,False
test_74,LAD_LCX,2665,0,0.0,3,1.0,1.0,0,0.0,1,3,0,3.0,8,0,0,,False
test_75,LAD_LCX,8825,0,0.0,11,0.9982317228913296,0.9898016997167138,1,0.5243059490084986,2,11,0,5.5,28,8,4,0.5,False
test_76,RCA,5601,0,0.0,2,1.0,1.0,0,0.0,1,2,0,2.0,0,0,0,,False
test_77,LAD_LCX,10098,0,0.0,5,1.0,1.0,0,0.0,1,5,0,5.0,14,0,0,,False
test_78,LAD_LCX,8151,0,0.0,4,1.0,1.0,0,0.0,1,4,0,4.0,12,0,0,,False
test_79,RCA,11686,0,0.0,4,1.0,1.0,0,0.0,1,4,0,4.0,0,0,0,,False
test_7,LAD_LCX,7889,0,0.0,3,1.0,1.0,0,0.0,1,3,0,3.0,10,0,0,,False
test_80,LAD_LCX,6780,0,0.0,6,1.0,1.0,0,0.0,1,6,0,6.0,15,0,0,,False
test_81,LAD_LCX,5443,0,0.0,4,1.0,1.0,0,0.0,1,4,0,4.0,8,0,0,,False
test_82,LAD_LCX,7255,0,0.0,11,0.9610058027079305,0.9305306685044796,1,0.16195727084769124,2,11,2,5.5,24,3,0,0.0,False
test_83,LAD_LCX,10297,0,0.0,6,1.0,1.0,0,0.0,2,6,0,3.0,16,0,0,,False
test_84,LAD_LCX,6018,0,0.0,6,1.0,1.0,0,0.0,1,6,0,6.0,14,0,0,,False
test_85,LAD_LCX,6527,0,0.0,5,1.0,1.0,0,0.0,1,5,0,5.0,12,0,0,,False
test_86,RCA,10045,0,0.0,6,1.0,1.0,0,0.0,1,6,0,6.0,0,0,0,,False
test_87,LAD_LCX,6794,0,0.0,6,1.0,1.0,0,0.0,1,6,0,6.0,18,0,0,,False
test_88,LAD_LCX,2943,0,0.0,4,1.0,1.0,0,0.0,1,4,0,4.0,8,0,0,,False
test_89,LAD_LCX,5347,0,0.0,2,1.0,1.0,0,0.0,1,2,0,2.0,8,0,0,,False
test_8,LAD_LCX,8255,0,0.0,3,1.0,1.0,0,0.0,2,3,0,1.5,9,0,0,,False
test_90,LAD_LCX,8911,0,0.0,4,1.0,1.0,0,0.0,1,4,0,4.0,11,0,0,,False
test_91,RCA,5674,0,0.0,2,1.0,1.0,0,0.0,1,2,0,2.0,0,0,0,,False
test_92,LAD_LCX,4814,0,0.0,2,0.9866173846546011,0.9781886165351059,1,0.8149148317407561,2,2,0,1.0,5,2,2,1.0,False
test_93,RCA,6400,0,0.0,1,1.0,1.0,0,0.0,1,1,0,1.0,0,0,0,,False
test_94,LAD_LCX,4100,0,0.0,3,1.0,1.0,0,0.0,1,3,0,3.0,6,0,0,,False
test_95,LAD_LCX,8305,0,0.0,5,1.0,1.0,0,0.0,2,5,0,2.5,13,0,0,,False
test_96,RCA,5822,0,0.0,1,1.0,1.0,0,0.0,1,1,0,1.0,0,0,0,,False
test_97,LAD_LCX,6181,0,0.0,3,1.0,1.0,0,0.0,2,3,0,1.5,7,0,0,,False
test_98,RCA,5901,0,0.0,2,1.0,1.0,0,0.0,1,2,0,2.0,0,0,0,,False
test_99,RCA,7742,0,0.0,2,1.0,1.0,0,0.0,1,2,0,2.0,0,0,0,,False
test_9,RCA,10712,0,0.0,5,1.0,1.0,0,0.0,1,5,0,5.0,0,0,0,,False
