case_id,mean_branch_purity,impure_branch_frac,n_branches,n_components_LAD,largest_component_ratio_LAD,n_components_RCA,largest_component_ratio_RCA,n_components_LCX,largest_component_ratio_LCX,spur_count,spur_density,n_fp_components,n_catheter_like_fp,catheter_like_fp_pixel_frac
test_1,1.0,0.0,12,0,,0,,15,0.7351480595916866,8,0.42105263157894735,6,6,1.0
test_10,1.0,0.0,12,8,0.9553408820967614,0,,0,,3,0.2,27,22,0.6104347826086957
test_100,1.0,0.0,13,1,1.0,0,,6,0.8290697674418605,7,0.35,13,10,0.14446227929373998
test_101,1.0,0.0,2,0,,2,0.5438622980522422,0,,0,0.0,5,4,0.8695652173913043
test_102,1.0,0.0,17,4,0.9888147212700703,0,,0,,2,0.1111111111111111,24,18,0.685077519379845
test_103,0.9902676399026764,0.04,25,11,0.916267942583732,0,,8,0.786042944785276,23,0.575,11,0,0.0
test_104,1.0,0.0,7,0,,7,0.9963951785513124,0,,6,0.5,8,8,1.0
test_105,1.0,0.0,17,17,0.5080251221214236,0,,0,,21,0.6176470588235294,16,7,0.39506995336442374
test_106,1.0,0.0,5,0,,0,,1,1.0,0,0.0,13,11,0.7838983050847458
test_107,1.0,0.0,9,1,1.0,0,,3,0.8239528795811518,1,0.09090909090909091,1,0,0.0
test_108,0.8103092783505155,0.21428571428571427,14,3,0.7030976037405027,0,,1,1.0,5,0.25,6,4,0.2631578947368421
test_109,1.0,0.0,4,2,0.9998263888888889,0,,0,,1,0.16666666666666666,7,3,0.13320825515947468
test_11,1.0,0.0,16,3,0.9379494555167455,0,,0,,8,0.4444444444444444,17,11,0.41098317094774134
test_110,0.9306049822064056,0.14285714285714285,7,3,0.5327433628318584,0,,12,0.6890265486725664,4,0.2857142857142857,5,2,0.047818791946308725
test_111,1.0,0.0,12,2,0.9914163090128756,0,,8,0.35257082896117525,8,0.4444444444444444,2,1,0.9079497907949791
test_112,1.0,0.0,5,0,,7,0.8969849246231156,0,,4,0.4444444444444444,5,2,0.35766423357664234
test_113,1.0,0.0,10,2,0.9744637385086823,0,,3,0.9653179190751445,5,0.38461538461538464,7,5,0.6838235294117647
test_114,0.9773584905660377,0.09523809523809523,21,1,1.0,14,0.49124552327894944,0,,19,0.5,9,6,0.23954372623574144
test_115,1.0,0.0,14,11,0.7274092615769712,0,,0,,10,0.5263157894736842,10,5,0.2802547770700637
test_116,1.0,0.0,7,1,1.0,0,,1,1.0,6,0.75,4,1,0.3493150684931507
test_117,1.0,0.0,10,7,0.9246831623415812,0,,0,,3,0.23076923076923078,23,15,0.6754068716094033
test_118,1.0,0.0,7,1,1.0,0,,7,0.7389676384059909,3,0.3,10,4,0.0865874363327674
test_119,1.0,0.0,3,0,,4,0.9706760316066725,0,,2,0.3333333333333333,7,4,0.7129380053908356
test_12,1.0,0.0,10,1,1.0,0,,10,0.5198019801980198,5,0.2631578947368421,5,1,0.08191126279863481
test_120,1.0,0.0,8,5,0.86336763739873,0,,0,,0,0.0,10,7,0.47753743760399336
test_121,1.0,0.0,4,0,,5,0.7927545691906005,0,,1,0.2,6,5,0.647887323943662
test_122,1.0,0.0,5,0,,1,1.0,0,,0,0.0,5,2,0.4
test_123,1.0,0.0,16,1,1.0,0,,6,0.9844923673370487,3,0.15789473684210525,12,4,0.15375
test_124,0.9970326409495549,0.16666666666666666,12,1,1.0,0,,3,0.9986284930567461,4,0.25,19,11,0.44638069705093836
test_125,1.0,0.0,11,0,,0,,2,0.9915406306075365,4,0.2857142857142857,8,4,0.29550827423167847
test_126,1.0,0.0,9,0,,1,1.0,0,,3,0.23076923076923078,19,9,0.2822164948453608
test_127,1.0,0.0,8,0,,1,1.0,0,,3,0.2727272727272727,10,5,0.5501432664756447
test_128,1.0,0.0,18,10,0.7205494657971416,0,,0,,11,0.44,12,2,0.014210919970082274
test_129,1.0,0.0,6,1,1.0,0,,2,0.9916461916461916,5,0.5555555555555556,10,5,0.49683544303797467
test_13,1.0,0.0,9,0,,4,0.9249398556535685,0,,2,0.18181818181818182,17,10,0.08325709057639524
test_130,1.0,0.0,6,0,,1,1.0,0,,3,0.5,10,9,0.9510309278350515
test_131,1.0,0.0,7,1,1.0,0,,4,0.7543053960964409,3,0.2727272727272727,10,8,0.7431952662721893
test_132,1.0,0.0,7,2,0.9998427672955975,0,,0,,3,0.375,16,12,0.6722560975609756
test_133,1.0,0.0,7,8,0.9058544303797469,0,,0,,4,0.3333333333333333,15,7,0.6117103235747303
test_134,1.0,0.0,9,0,,0,,4,0.9137439013163952,2,0.2,14,11,0.35514018691588783
test_135,1.0,0.0,11,2,0.918869644484959,0,,0,,3,0.25,19,11,0.49575371549893843
test_136,1.0,0.0,7,0,,3,0.9027857829010567,0,,5,0.5555555555555556,11,6,0.45153061224489793
test_137,1.0,0.0,27,16,0.6113409039633,0,,0,,8,0.21621621621621623,26,16,0.15468306527909176
test_138,1.0,0.0,12,4,0.46757679180887374,9,0.6196777905638665,0,,6,0.2608695652173913,8,5,0.5681233933161953
test_139,1.0,0.0,7,0,,10,0.9503907577302073,0,,4,0.4,4,2,0.5918367346938775
test_14,1.0,0.0,14,0,,0,,3,0.9524136039495338,4,0.2,14,7,0.20788177339901479
test_140,0.9829351535836177,0.2222222222222222,9,0,,10,0.6264333132166566,5,0.9291417165668663,8,0.42105263157894735,3,2,0.33076923076923076
test_141,1.0,0.0,8,1,1.0,0,,4,0.9730425358981306,4,0.36363636363636365,24,16,0.41334661354581675
test_142,1.0,0.0,9,5,0.8592,0,,0,,7,0.6363636363636364,6,3,0.5049833887043189
test_143,1.0,0.0,8,0,,1,1.0,2,0.6617647058823529,5,0.5,9,5,0.38620689655172413
test_144,1.0,0.0,11,0,,5,0.5251504485068695,0,,4,0.3333333333333333,12,7,0.5875576036866359
test_145,1.0,0.0,10,6,0.7949763496982548,0,,0,,4,0.26666666666666666,18,12,0.42668136714443217
test_146,1.0,0.0,7,6,0.912603062426384,0,,1,1.0,3,0.3333333333333333,4,1,0.9325950890707752
test_147,1.0,0.0,16,8,0.9254072976975899,0,,1,1.0,14,0.5185185185185185,11,5,0.13926940639269406
test_148,1.0,0.0,19,0,,0,,10,0.7628711522745846,9,0.3333333333333333,12,9,0.2687224669603524
test_149,1.0,0.0,19,0,,10,0.5710824799030944,0,,10,0.4166666666666667,13,7,0.31540697674418605
test_15,1.0,0.0,11,2,0.8281604844814534,0,,5,0.7091595845136922,6,0.3,5,3,0.7252358490566038
test_150,1.0,0.0,8,0,,1,1.0,0,,2,0.2222222222222222,11,6,0.3826429980276134
test_151,1.0,0.0,5,0,,5,0.8642226748133062,0,,4,0.3333333333333333,8,5,0.1848184818481848
test_152,0.9822732012513035,0.07142857142857142,14,6,0.8028846153846154,0,,14,0.5354295837023915,3,0.11538461538461539,10,5,0.6699770817417876
test_153,1.0,0.0,8,1,1.0,0,,1,1.0,3,0.375,5,4,0.8472906403940886
test_154,1.0,0.0,1,0,,1,1.0,0,,0,0.0,8,7,0.8709677419354839
test_155,1.0,0.0,11,0,,7,0.9020914020139427,0,,7,0.4375,12,7,0.622356495468278
test_156,1.0,0.0,5,0,,1,1.0,0,,0,0.0,15,13,0.4092140921409214
test_157,1.0,0.0,11,5,0.4397361359570662,0,,0,,7,0.3888888888888889,15,10,0.12984431931103013
test_158,1.0,0.0,11,8,0.9084445985781169,0,,0,,6,0.35294117647058826,10,4,0.41372141372141374
test_159,1.0,0.0,20,1,1.0,0,,8,0.8923499770957398,8,0.34782608695652173,8,6,0.4247191011235955
test_16,1.0,0.0,5,2,0.7576853526220615,0,,0,,1,0.16666666666666666,15,10,0.3504132231404959
test_160,1.0,0.0,10,8,0.760055693069307,0,,0,,6,0.46153846153846156,16,10,0.7638022083533366
test_161,1.0,0.0,18,9,0.5419974391805378,0,,0,,12,0.4444444444444444,16,9,0.21680993314231137
test_162,0.9722222222222222,0.14285714285714285,7,1,1.0,0,,4,0.9993668214436471,5,0.45454545454545453,6,4,0.7044967880085653
test_163,1.0,0.0,14,11,0.5664084117321527,0,,0,,5,0.3333333333333333,14,6,0.06771835321277414
test_164,1.0,0.0,6,1,1.0,0,,1,1.0,4,0.4444444444444444,6,4,0.5057803468208093
test_165,1.0,0.0,10,0,,2,0.99185437619483,0,,6,0.42857142857142855,15,10,0.5618838992332968
test_166,1.0,0.0,12,11,0.7683673469387755,0,,0,,4,0.3076923076923077,8,1,0.015488867376573089
test_167,1.0,0.0,16,0,,6,0.835653650254669,2,0.9767441860465116,9,0.42857142857142855,19,18,0.9808429118773946
test_168,0.974320241691843,0.09090909090909091,11,1,1.0,0,,6,0.49303621169916434,6,0.3333333333333333,12,4,0.09772455089820359
test_169,1.0,0.0,8,5,0.9902660609993511,0,,0,,3,0.3333333333333333,7,6,0.5509554140127388
test_17,1.0,0.0,9,9,0.8190647482014388,0,,0,,4,0.3076923076923077,17,12,0.8288987435328898
test_170,1.0,0.0,5,1,1.0,0,,2,0.9418406476352791,4,0.5714285714285714,12,6,0.2574626865671642
test_171,1.0,0.0,13,6,0.9834056399132322,0,,0,,11,0.4583333333333333,14,8,0.43005952380952384
test_172,1.0,0.0,5,0,,3,0.984378670425182,0,,3,0.42857142857142855,7,4,0.16565481352992195
test_173,1.0,0.0,5,1,1.0,0,,0,,2,0.3333333333333333,17,14,0.6576576576576577
test_174,1.0,0.0,9,0,,1,1.0,2,0.9848484848484849,8,0.5714285714285714,3,1,0.4883720930232558
test_175,1.0,0.0,9,4,0.9912166172106824,0,,0,,2,0.2,17,13,0.6485819975339088
test_176,1.0,0.0,21,1,1.0,0,,13,0.9462175593594699,7,0.2692307692307692,18,9,0.400974025974026
test_177,1.0,0.0,22,2,0.99836867862969,0,,20,0.6984225177853387,16,0.3902439024390244,20,6,0.1628199748216534
test_178,1.0,0.0,4,1,1.0,0,,5,0.8204887218045113,3,0.375,6,2,0.15384615384615385
test_179,1.0,0.0,12,2,0.9297218155197657,0,,4,0.7693456083602886,8,0.4,9,5,0.77863154043176
test_18,0.9516908212560387,0.2,5,3,0.6890547263681592,0,,4,0.8563982277821215,3,0.375,9,9,1.0
test_180,1.0,0.0,5,1,1.0,0,,2,0.9684035476718403,3,0.42857142857142855,8,4,0.15465898174831894
test_181,0.9767641996557659,0.07142857142857142,28,2,0.9250801282051282,0,,8,0.8016243654822335,9,0.25,21,14,0.22187104930467763
test_182,1.0,0.0,10,2,0.9276058876539501,0,,0,,3,0.3,8,5,0.5579710144927537
test_183,1.0,0.0,17,2,0.9993849938499385,0,,12,0.38426038377459315,6,0.2727272727272727,16,8,0.21570576540755468
test_184,1.0,0.0,3,1,1.0,0,,0,,3,0.5,11,9,0.6589595375722543
test_185,1.0,0.0,2,2,0.979573030256489,0,,0,,2,0.5,7,6,0.7504690431519699
test_186,1.0,0.0,6,1,1.0,0,,4,0.8354518141899699,1,0.14285714285714285,8,4,0.1743486973947896
test_187,0.8738738738738738,0.125,8,5,0.9627297909846386,0,,1,1.0,4,0.3076923076923077,11,9,0.6136363636363636
test_188,1.0,0.0,14,1,1.0,0,,6,0.6396735718769617,8,0.47058823529411764,14,7,0.7199046483909416
test_189,1.0,0.0,6,2,0.9992408138475555,0,,2,0.639344262295082,2,0.2,12,9,0.24415975885455915
test_19,0.9941245593419507,0.0625,32,3,0.8972407231208372,0,,13,0.8780217909431393,11,0.2682926829268293,18,9,0.0560188542422045
test_190,1.0,0.0,7,2,0.9935064935064936,0,,6,0.9969362745098039,4,0.3333333333333333,11,8,0.7123595505617978
test_191,1.0,0.0,7,1,1.0,0,,0,,2,0.2857142857142857,10,8,0.2767962308598351
test_192,1.0,0.0,9,9,0.4046651351828945,0,,0,,3,0.2727272727272727,14,9,0.3918918918918919
test_193,1.0,0.0,5,0,,3,0.9580152671755725,0,,1,0.2,4,3,0.3877551020408163
test_194,1.0,0.0,26,8,0.4535098522167488,0,,7,0.5017703591299949,21,0.5,24,10,0.3402820355610055
test_195,1.0,0.0,8,0,,2,0.9998210611076317,0,,1,0.09090909090909091,12,10,0.7970149253731343
test_196,1.0,0.0,7,0,,1,1.0,0,,3,0.3333333333333333,14,12,0.8370786516853933
test_197,1.0,0.0,14,0,,11,0.8289230769230769,0,,8,0.38095238095238093,3,0,0.0
test_198,1.0,0.0,8,0,,0,,4,0.6167615947925142,3,0.3,7,2,0.0667420814479638
test_199,1.0,0.0,9,4,0.9996656263932233,0,,0,,0,0.0,17,11,0.5351351351351351
test_2,1.0,0.0,22,2,0.999348109517601,0,,9,0.9066913026263693,9,0.28125,17,7,0.09595092024539878
test_20,1.0,0.0,9,0,,6,0.8496922916449359,0,,6,0.42857142857142855,14,7,0.10804020100502512
test_200,1.0,0.0,26,13,0.625351370344343,0,,0,,22,0.4230769230769231,21,15,0.2607260726072607
test_201,1.0,0.0,7,1,1.0,0,,2,0.8634600465477114,4,0.4,12,7,0.26180257510729615
test_202,1.0,0.0,12,3,0.6849812934259755,0,,0,,3,0.23076923076923078,17,13,0.30813475760065734
test_203,1.0,0.0,4,0,,4,0.9861466821885914,0,,1,0.16666666666666666,5,4,0.8461538461538461
test_204,1.0,0.0,7,0,,2,0.9999215378579835,0,,2,0.25,19,17,0.9206349206349206
test_205,0.9863013698630136,0.041666666666666664,24,1,1.0,0,,9,0.9416167664670658,15,0.39473684210526316,17,13,0.39054054054054055
test_206,1.0,0.0,6,0,,5,0.9970560685133146,0,,7,0.6363636363636364,10,8,0.747093023255814
test_207,0.9667994687915007,0.06666666666666667,15,6,0.5867949278530826,0,,3,0.4491150442477876,7,0.3684210526315789,13,10,0.7507788161993769
test_208,1.0,0.0,11,1,1.0,0,,9,0.6510630184002288,7,0.3888888888888889,15,10,0.6648313833448039
test_209,1.0,0.0,3,0,,2,0.9998951562172363,0,,2,0.3333333333333333,5,4,0.8666666666666667
test_21,1.0,0.0,14,2,0.9239033124440466,0,,11,0.7542060567216792,6,0.3,19,14,0.7669962917181706
test_210,1.0,0.0,15,1,1.0,0,,7,0.39172119920864407,12,0.46153846153846156,13,9,0.5543307086614173
test_211,1.0,0.0,26,18,0.47787369377555655,0,,1,1.0,18,0.375,18,4,0.16927417286483715
test_212,0.9145408163265306,0.12121212121212122,33,14,0.6216275499012941,0,,12,0.34756431308155444,27,0.54,15,5,0.07772174428952833
test_213,1.0,0.0,9,7,0.7686690223792697,0,,0,,2,0.18181818181818182,10,7,0.3950207468879668
test_214,0.9946695095948828,0.06666666666666667,15,2,0.99921875,0,,3,0.8969356486210419,4,0.21052631578947367,22,15,0.34973637961335674
test_215,1.0,0.0,6,4,0.8347887656360633,0,,0,,2,0.2222222222222222,12,9,0.42989214175654855
test_216,1.0,0.0,10,0,,2,0.9998805684939687,0,,5,0.4166666666666667,11,8,0.5828460038986355
test_217,1.0,0.0,10,0,,10,0.7624097266660572,0,,10,0.5,13,11,0.6371681415929203
test_218,1.0,0.0,31,3,0.9595278246205734,0,,13,0.282312925170068,22,0.4489795918367347,20,10,0.07358367701324071
test_219,1.0,0.0,10,8,0.37595466863759547,0,,0,,4,0.3333333333333333,16,10,0.11439902379499695
test_22,1.0,0.0,5,0,,2,0.9135372966335823,0,,1,0.16666666666666666,18,13,0.7251908396946565
test_220,1.0,0.0,12,5,0.9270018621973929,0,,0,,3,0.2,19,12,0.22671132509943479
test_221,0.9883313885647608,0.2857142857142857,21,0,,8,0.9953990163414247,7,0.873015873015873,11,0.3333333333333333,13,13,1.0
test_222,1.0,0.0,9,1,1.0,0,,4,0.5881660288489844,1,0.1111111111111111,15,11,0.9279907084785134
test_223,1.0,0.0,18,2,0.9993564993564994,0,,3,0.9997712194005949,7,0.28,20,13,0.429097605893186
test_224,1.0,0.0,14,14,0.8147807421036491,0,,0,,15,0.5555555555555556,11,11,1.0
test_225,0.9813084112149533,0.10526315789473684,19,1,1.0,0,,5,0.8194618272841051,10,0.38461538461538464,15,7,0.24741298212605833
test_226,1.0,0.0,13,1,1.0,0,,4,0.6136424912375303,7,0.4666666666666667,17,14,0.19022687609075042
test_227,1.0,0.0,7,0,,2,0.999820884828945,0,,3,0.21428571428571427,16,12,0.8436482084690554
test_228,1.0,0.0,2,0,,2,0.8521023228462217,0,,0,0.0,5,4,0.9246861924686193
test_229,1.0,0.0,3,1,1.0,0,,2,0.8024942388504812,0,0.0,10,8,0.7672131147540984
test_23,0.9926739926739927,0.07142857142857142,14,2,0.9984520123839009,0,,10,0.6936350777934936,3,0.17647058823529413,11,7,0.5418410041841004
test_230,0.9916201117318436,0.14285714285714285,14,0,,5,0.650238818931828,1,1.0,5,0.2777777777777778,9,5,0.06653426017874876
test_231,0.9927623642943305,0.045454545454545456,22,1,1.0,0,,6,0.9283083399105498,5,0.21739130434782608,15,6,0.257843696520251
test_232,1.0,0.0,11,1,1.0,0,,3,0.7975863122517568,6,0.46153846153846156,1,0,0.0
test_233,1.0,0.0,14,3,0.9997827739763223,0,,0,,1,0.05555555555555555,9,6,0.11290322580645161
test_234,0.999054820415879,0.047619047619047616,21,1,1.0,0,,10,0.3508925637936699,8,0.3076923076923077,17,11,0.389010989010989
test_235,1.0,0.0,10,1,1.0,0,,0,,4,0.36363636363636365,15,9,0.447520184544406
test_236,1.0,0.0,5,0,,5,0.74151212553495,0,,2,0.25,10,6,0.6494800693240901
test_237,0.9973333333333333,0.1111111111111111,9,1,1.0,0,,4,0.7497869439236406,5,0.4166666666666667,12,7,0.3004115226337449
test_238,1.0,0.0,8,1,1.0,0,,5,0.7021627188465499,2,0.2,12,7,0.24444444444444444
test_239,1.0,0.0,11,1,1.0,0,,6,0.9782748978274898,4,0.26666666666666666,11,2,0.10443037974683544
test_24,0.9968085106382979,0.07142857142857142,14,1,1.0,0,,9,0.873114338079797,11,0.4583333333333333,16,8,0.09741309620048505
test_240,1.0,0.0,17,7,0.6196269261962692,0,,5,0.9876072449952336,13,0.52,14,6,0.15831435079726652
test_241,1.0,0.0,9,2,0.9865771812080537,0,,5,0.9518937354155448,4,0.2857142857142857,12,8,0.4658536585365854
test_242,0.9985569985569985,0.05263157894736842,19,1,1.0,0,,8,0.9560268205208171,10,0.37037037037037035,20,13,0.45248868778280543
test_243,1.0,0.0,19,0,,0,,21,0.43224797383762265,12,0.375,15,8,0.2053256336220725
test_244,1.0,0.0,15,6,0.7125328659070991,0,,3,0.4957983193277311,11,0.5789473684210527,10,7,0.4916387959866221
test_245,1.0,0.0,5,0,,0,,5,0.9796557120500783,4,0.36363636363636365,3,2,0.375
test_246,0.9854932301740812,0.12,25,2,0.5227272727272727,0,,20,0.6687037632679318,9,0.2727272727272727,27,18,0.43253234750462105
test_247,1.0,0.0,4,1,1.0,0,,0,,1,0.2,11,10,0.9457627118644067
test_248,1.0,0.0,6,0,,2,0.9870538838348496,0,,4,0.5,9,7,0.1719641401792991
test_249,1.0,0.0,5,0,,4,0.9957001576608858,0,,2,0.3333333333333333,7,5,0.583969465648855
test_25,1.0,0.0,3,0,,4,0.6396636299929923,0,,0,0.0,5,3,0.3295843520782396
test_250,1.0,0.0,11,1,1.0,0,,7,0.8896774193548387,11,0.5,7,3,0.21823204419889503
test_251,1.0,0.0,6,0,,1,1.0,0,,3,0.42857142857142855,11,9,0.782051282051282
test_252,0.9493975903614458,0.2857142857142857,7,9,0.755868544600939,0,,2,0.6020066889632107,5,0.45454545454545453,4,3,0.9880546075085325
test_253,1.0,0.0,10,1,1.0,0,,9,0.7484604452865941,10,0.5263157894736842,8,3,0.5825242718446602
test_254,1.0,0.0,7,9,0.8548580567772891,0,,0,,3,0.23076923076923078,19,15,0.3209408194233687
test_255,1.0,0.0,17,5,0.9166345536287733,0,,0,,9,0.34615384615384615,6,3,0.11307420494699646
test_256,1.0,0.0,8,0,,2,0.742412076441304,0,,4,0.5,13,9,0.39280774550484093
test_257,1.0,0.0,1,0,,1,1.0,0,,0,0.0,3,3,1.0
test_258,0.9976047904191617,0.06666666666666667,15,1,1.0,0,,3,0.7767373090192213,6,0.3157894736842105,19,17,0.9451137884872824
test_259,1.0,0.0,5,0,,6,0.9021156138259833,0,,2,0.3333333333333333,9,4,0.33401639344262296
test_26,1.0,0.0,3,0,,2,0.5472906403940887,0,,1,0.25,6,3,0.3659305993690852
test_260,1.0,0.0,10,0,,3,0.9769840271663942,0,,5,0.38461538461538464,10,7,0.7524752475247525
test_261,1.0,0.0,7,0,,5,0.7347698031312975,0,,1,0.1111111111111111,12,8,0.2526416906820365
test_262,1.0,0.0,7,0,,5,0.962683604605002,0,,2,0.2222222222222222,12,8,0.20418204182041821
test_263,1.0,0.0,7,0,,5,0.7193967029112592,0,,2,0.2857142857142857,14,9,0.16666666666666666
test_264,1.0,0.0,12,0,,4,0.9774420946626384,0,,5,0.35714285714285715,14,11,0.8077260755048288
test_265,1.0,0.0,6,0,,4,0.9864617636297109,0,,0,0.0,10,7,0.5885416666666666
test_266,1.0,0.0,14,1,1.0,0,,5,0.8893387314439946,10,0.45454545454545453,3,1,0.3392857142857143
test_267,1.0,0.0,1,0,,1,1.0,0,,0,0.0,1,1,1.0
test_268,1.0,0.0,12,0,,4,0.9337182725851076,0,,4,0.2857142857142857,8,1,0.012996941896024464
test_269,0.9868766404199475,0.21428571428571427,14,2,0.921875,8,0.4715359828141783,0,,5,0.25,2,0,0.0
test_27,1.0,0.0,6,5,0.9896589259796807,0,,0,,6,0.5454545454545454,12,9,0.5507246376811594
test_270,1.0,0.0,14,0,,10,0.7285460436918574,0,,5,0.2777777777777778,12,9,0.7874852420306966
test_271,1.0,0.0,4,0,,1,1.0,0,,2,0.4,9,9,1.0
test_272,1.0,0.0,2,2,0.9928057553956835,0,,1,1.0,2,0.2857142857142857,6,4,0.684931506849315
test_273,1.0,0.0,26,11,0.4656407130885266,0,,7,0.9136546184738956,21,0.42,8,3,0.09882583170254403
test_274,1.0,0.0,4,0,,2,0.995895127118644,0,,0,0.0,6,5,0.5258215962441315
test_275,1.0,0.0,1,0,,1,1.0,0,,0,0.0,10,7,0.6526548672566371
test_276,1.0,0.0,9,8,0.34288990825688076,0,,0,,0,0.0,16,12,0.730616996507567
test_277,1.0,0.0,19,0,,0,,10,0.9718015145476285,8,0.32,13,11,0.7878378378378378
test_278,1.0,0.0,18,2,0.8823529411764706,0,,9,0.797644040121297,10,0.4166666666666667,15,10,0.42993396918561994
test_279,1.0,0.0,16,5,0.7791127541589649,0,,0,,8,0.36363636363636365,19,15,0.3602882305844676
test_28,1.0,0.0,33,0,,0,,6,0.8099015943245099,13,0.34210526315789475,14,6,0.42417582417582417
test_280,1.0,0.0,6,0,,2,0.8300461603021402,0,,3,0.42857142857142855,11,9,0.6253012048192771
test_281,1.0,0.0,8,14,0.5678129298486932,0,,0,,7,0.4666666666666667,5,5,1.0
test_282,1.0,0.0,14,8,0.8830446867650203,0,,4,0.9934640522875817,7,0.25925925925925924,7,4,0.10111111111111111
test_283,1.0,0.0,11,0,,2,0.9998661043047467,0,,4,0.3076923076923077,12,8,0.5230998509687034
test_284,1.0,0.0,7,0,,5,0.9828817899986521,0,,2,0.2,9,5,0.3595505617977528
test_285,1.0,0.0,25,15,0.9094614889508689,0,,0,,16,0.3902439024390244,14,11,0.5854922279792746
test_286,0.6962457337883959,0.5,8,6,0.5601401323472168,0,,11,0.31137724550898205,4,0.36363636363636365,8,4,0.3836477987421384
test_287,1.0,0.0,3,0,,1,1.0,0,,2,0.6666666666666666,8,4,0.23095823095823095
test_288,1.0,0.0,5,0,,0,,2,0.8429735234215886,2,0.3333333333333333,8,6,0.8805970149253731
test_289,0.8498402555910544,0.13636363636363635,22,15,0.3072239136451702,0,,13,0.8718882817243473,11,0.3793103448275862,4,3,0.18505338078291814
test_29,1.0,0.0,7,0,,5,0.5199304017715912,0,,3,0.3333333333333333,0,0,
test_290,1.0,0.0,11,0,,8,0.9733829816577024,0,,5,0.38461538461538464,4,2,0.6820276497695853
test_291,1.0,0.0,9,3,0.9472295514511874,0,,0,,4,0.25,17,10,0.2980769230769231
test_292,1.0,0.0,6,0,,4,0.9738525206922498,0,,1,0.125,18,13,0.567699836867863
test_293,1.0,0.0,4,4,0.8220684039087948,0,,0,,2,0.3333333333333333,12,9,0.2521067415730337
test_294,1.0,0.0,7,0,,7,0.7923497267759563,0,,5,0.38461538461538464,10,7,0.48942598187311176
test_295,0.9949622166246851,0.0,19,3,0.9573263221761553,0,,2,0.9795918367346939,7,0.3181818181818182,14,10,0.6041257367387033
test_296,1.0,0.0,10,0,,0,,6,0.8141252500384675,5,0.35714285714285715,20,15,0.36240171551107936
test_297,1.0,0.0,8,0,,5,0.9861978788319047,0,,3,0.1875,14,11,0.7125567322239031
test_298,1.0,0.0,6,0,,0,,8,0.459373240758116,5,0.35714285714285715,10,8,0.9561602418745276
test_299,1.0,0.0,9,4,0.9745069745069745,0,,0,,6,0.42857142857142855,19,15,0.5645390070921986
test_3,1.0,0.0,16,2,0.7178423236514523,0,,2,0.9998811363366219,3,0.15789473684210525,21,12,0.26599568655643424
test_30,0.9970238095238095,0.07692307692307693,13,0,,6,0.9974859795010637,7,0.5116851168511685,8,0.23529411764705882,12,6,0.19401330376940132
test_300,1.0,0.0,7,0,,8,0.8624382207578254,0,,7,0.5,12,7,0.5917667238421955
test_31,1.0,0.0,13,2,0.6937354988399071,0,,3,0.972929470295581,10,0.5555555555555556,12,6,0.4586255259467041
test_32,1.0,0.0,18,2,0.9389312977099237,0,,14,0.716650987770461,7,0.2692307692307692,10,4,0.8098290598290598
test_33,0.9814814814814815,0.07692307692307693,13,1,1.0,0,,5,0.7479632063074901,8,0.5,10,7,0.4993726474278545
test_34,1.0,0.0,8,0,,4,0.983723482077542,0,,2,0.2,6,4,0.5679611650485437
test_35,1.0,0.0,2,4,0.6628279710316989,0,,0,,1,0.25,12,10,0.9153822907222726
test_36,1.0,0.0,8,0,,2,0.9402542372881356,0,,2,0.2,9,4,0.1904176904176904
test_37,0.997093023255814,0.05,20,8,0.6354807381029459,8,0.8314606741573034,6,0.9516336506303061,14,0.45161290322580644,2,0,0.0
test_38,0.9917695473251029,0.06666666666666667,15,1,1.0,0,,12,0.6529402589299641,4,0.2,19,14,0.2579250720461095
test_39,1.0,0.0,4,0,,1,1.0,0,,0,0.0,7,6,0.9047619047619048
test_4,0.8818040435458787,0.2777777777777778,18,9,0.5618604651162791,0,,6,0.45899674713234034,5,0.23809523809523808,6,1,0.026813880126182965
test_40,0.9876325088339223,0.12,25,8,0.39677216516453573,0,,10,0.9108658743633277,13,0.3333333333333333,17,5,0.03912319644839068
test_41,1.0,0.0,12,0,,14,0.9008593252705284,0,,9,0.4090909090909091,6,5,0.8559322033898306
test_42,0.9073724007561437,0.25,8,5,0.4399631251440424,0,,4,0.45560747663551404,6,0.5,7,2,0.06461538461538462
test_43,0.985632183908046,0.1,10,1,1.0,0,,3,0.984725891677675,2,0.18181818181818182,7,3,0.0526711813393529
test_44,1.0,0.0,5,0,,0,,2,0.9830848623853211,2,0.3333333333333333,2,1,0.20270270270270271
test_45,1.0,0.0,9,0,,6,0.9887476833465714,0,,3,0.25,2,0,0.0
test_46,0.979539641943734,0.041666666666666664,24,5,0.5875281743050338,0,,14,0.4111459968602826,14,0.45161290322580644,11,3,0.665465032444124
test_47,1.0,0.0,20,0,,9,0.8965364120781527,0,,9,0.32142857142857145,20,12,0.4757192174913694
test_48,0.9760479041916168,0.3333333333333333,6,3,0.997776233495483,0,,2,0.9886363636363636,4,0.4,9,8,0.7849162011173184
test_49,1.0,0.0,12,7,0.7753459474724654,0,,0,,7,0.4117647058823529,12,4,0.1083223249669749
test_5,1.0,0.0,16,0,,9,0.8328901887795799,0,,3,0.12,10,4,0.39076034648700675
test_50,1.0,0.0,3,0,,0,,1,1.0,2,0.6666666666666666,1,1,1.0
test_51,1.0,0.0,12,1,1.0,0,,4,0.6326794314577705,4,0.3076923076923077,19,14,0.7787763567231247
test_52,1.0,0.0,12,0,,2,0.9872618283022907,0,,1,0.05555555555555555,15,10,0.4209230769230769
test_53,1.0,0.0,3,0,,1,1.0,0,,0,0.0,11,9,0.780952380952381
test_54,0.9939540507859734,0.09523809523809523,21,10,0.6818082550775278,0,,2,0.992,13,0.4482758620689655,19,13,0.1988155668358714
test_55,1.0,0.0,4,0,,2,0.8553933903707431,0,,0,0.0,10,7,0.8444278234854151
test_56,1.0,0.0,16,1,1.0,0,,6,0.8745166521142572,4,0.21052631578947367,16,7,0.08943747470659652
test_57,1.0,0.0,8,2,0.9992395437262357,0,,5,0.5576284180935344,4,0.2857142857142857,9,4,0.1658653846153846
test_58,1.0,0.0,6,1,1.0,0,,1,1.0,1,0.16666666666666666,12,5,0.1991991991991992
test_59,1.0,0.0,6,0,,5,0.9909083256166344,0,,2,0.2857142857142857,12,11,0.9030303030303031
test_6,0.9936507936507937,0.08695652173913043,23,6,0.8045112781954887,0,,8,0.8924528301886793,17,0.4722222222222222,21,8,0.1024506466984343
test_60,1.0,0.0,2,0,,2,0.9991396263520157,0,,1,0.5,5,5,1.0
test_61,1.0,0.0,11,0,,0,,3,0.9929294859545194,0,0.0,11,7,0.3023255813953488
test_62,0.9586092715231788,0.15384615384615385,13,6,0.6884955752212389,0,,8,0.713128976286871,13,0.65,11,8,0.5700836820083682
test_63,0.9528571428571428,0.058823529411764705,17,1,1.0,0,,8,0.9352346999405823,11,0.44,12,4,0.11755725190839694
test_64,1.0,0.0,12,7,0.40676428663988595,0,,0,,4,0.26666666666666666,10,7,0.7720786733513305
test_65,1.0,0.0,8,1,1.0,0,,4,0.9613060532174281,2,0.18181818181818182,15,10,0.7015250544662309
test_66,1.0,0.0,13,1,1.0,0,,7,0.5785123966942148,9,0.45,9,4,0.18088386433710174
test_67,1.0,0.0,10,1,1.0,0,,14,0.7515247944842217,6,0.3157894736842105,10,2,0.04151291512915129
test_68,1.0,0.0,6,5,0.828185955786736,0,,0,,1,0.14285714285714285,11,8,0.7713414634146342
test_69,1.0,0.0,4,1,1.0,0,,4,0.9553380238605078,6,0.6666666666666666,9,4,0.4233983286908078
test_7,1.0,0.0,6,2,0.947198275862069,0,,2,0.7266187050359713,6,0.6,11,6,0.3786764705882353
test_70,1.0,0.0,2,0,,2,0.8632377340602039,0,,0,0.0,6,5,0.7101449275362319
test_71,1.0,0.0,4,0,,5,0.8849568746829021,0,,4,0.5714285714285714,7,3,0.40594059405940597
test_72,1.0,0.0,5,6,0.9692307692307692,0,,2,0.5953488372093023,5,0.38461538461538464,1,1,1.0
test_73,1.0,0.0,9,0,,0,,5,0.613944782405241,3,0.2727272727272727,19,11,0.2185430463576159
test_74,1.0,0.0,17,10,0.8476607513251901,0,,0,,5,0.25,11,3,0.26611472501478417
test_75,1.0,0.0,13,1,1.0,0,,11,0.5848794063079777,3,0.1875,19,11,0.20645863570391873
test_76,1.0,0.0,5,0,,3,0.8916526138279932,0,,5,0.5555555555555556,1,1,1.0
test_77,1.0,0.0,19,4,0.7806925498426023,0,,5,0.9329320722269991,6,0.23076923076923078,15,11,0.5
test_78,1.0,0.0,9,6,0.9301457725947522,0,,0,,3,0.25,7,7,1.0
test_79,1.0,0.0,9,0,,2,0.9999112767278857,0,,0,0.0,19,10,0.08000972762645914
test_8,1.0,0.0,7,0,,0,,6,0.9925047696920142,0,0.0,9,4,0.2182468694096601
test_80,0.9934782608695653,0.07692307692307693,13,3,0.8115273775216139,0,,9,0.899672988881622,4,0.21052631578947367,18,10,0.3080906148867314
test_81,1.0,0.0,3,7,0.7888869534924229,0,,0,,1,0.14285714285714285,16,14,0.7815845824411135
test_82,1.0,0.0,19,0,,0,,17,0.4942848623397277,15,0.42857142857142855,21,10,0.3867731367731368
test_83,1.0,0.0,11,3,0.5202108963093146,0,,6,0.788298803618325,2,0.14285714285714285,15,11,0.8667687595712098
test_84,1.0,0.0,8,7,0.6266866566716641,0,,0,,1,0.1111111111111111,20,13,0.24210526315789474
test_85,1.0,0.0,12,6,0.7999657475595137,0,,0,,8,0.4,16,11,0.7631759069130732
test_86,1.0,0.0,5,0,,4,0.8638009912314144,0,,0,0.0,16,14,0.752866745749308
test_87,1.0,0.0,8,8,0.6345565749235474,0,,0,,4,0.36363636363636365,8,3,0.23045267489711935
test_88,1.0,0.0,5,2,0.9952718676122931,0,,0,,3,0.6,4,2,0.044642857142857144
test_89,1.0,0.0,8,0,,0,,4,0.910183715128147,1,0.1,7,6,0.8097345132743363
test_9,1.0,0.0,6,0,,3,0.9580221234754657,0,,3,0.3333333333333333,16,12,0.9679370840895342
test_90,1.0,0.0,15,5,0.8323453130789181,0,,0,,8,0.38095238095238093,20,13,0.23938761308281142
test_91,1.0,0.0,1,0,,1,1.0,0,,0,0.0,5,5,1.0
test_92,1.0,0.0,10,1,1.0,0,,5,0.9460309777347532,4,0.3333333333333333,9,6,0.4424552429667519
test_93,0.9333333333333333,0.18,50,0,,14,0.4544282029234738,14,0.49266409266409267,25,0.29411764705882354,7,6,0.7773109243697479
test_94,1.0,0.0,3,2,0.9376686454398273,0,,0,,2,0.4,6,4,0.24040920716112532
test_95,1.0,0.0,7,1,1.0,0,,1,1.0,4,0.4444444444444444,11,5,0.20828402366863905
test_96,1.0,0.0,4,0,,1,1.0,0,,0,0.0,10,8,0.7468671679197995
test_97,1.0,0.0,3,2,0.9992360580595875,0,,2,0.9989882638607851,1,0.25,10,3,0.20175438596491227
test_98,1.0,0.0,1,0,,1,1.0,0,,0,0.0,10,6,0.5107033639143731
test_99,1.0,0.0,1,0,,1,1.0,0,,0,0.0,6,3,0.4201954397394137
